ID,Poklic
1031,Pesnik pravnik
1031,Pesnik
1031,Odvetnik
1031,Pisatelj
1051,Entomolog
1051,Biolog
1783,Metalec kladiva
1783,Atlet
5344,Biokemik
5344,Raziskovalec
5345,Karcinolog
5345,Zoolog
5346,Entomolog
5346,Zoolog
5347,Biokemik
5347,Biolog
5347,Kemik
5348,Arahnolog
5348,Biolog
5348,Zoolog
5348,Pisatelj
5349,Genetik
5349,Botanik
5352,Botanik
5364,Arahnolog
5364,Zoolog
5364,Partizan
5364,Pisatelj
5365,Ekolog
5365,Popularizator znanosti
5365,Znanstveni pisatelj
5365,Zoolog
10085,Alpski smučar
11884,Demograf
11884,Redovnik
11884,Matematik
11884,Astronom
11931,Nogometaš
12890,Oblikovalec
12890,Esperantist
12890,Grafični oblikovalec
12890,Prevajalec
14962,Glasbeni učitelj
14962,Kritik
14962,Glasbeni kritik
14962,Dirigent
14962,Skladatelj
15794,Pesnik
15794,Pisatelj
15800,Jezikoslovec
15800,Filolog
15800,Literarni kritik
15800,Dramatik
15800,Politik
15800,Pesnik
15800,Pisatelj
15803,Politik
15803,Pesnik
15803,Pisatelj
15806,Mladinski pisatelj
15806,Pesnik
15806,Pisatelj
15809,Esejist
15809,Romanopisec
15809,Dramatik
15809,Politik
15809,Pesnik
15809,Pisatelj
15904,Prevajalec
15904,Dramatik
15904,Pesnik
15909,Jezikoslovec
15909,Esejist
15909,Literarni kritik
15909,Prevajalec
15909,Dramatik
15909,Partizan
15909,Pesnik
15909,Pisatelj
16581,Akademik
16581,Matematik
16581,Fizik
16581,Profesor
16581,Pesnik
16581,Pisatelj
26276,Nogometaš
26280,Atlet
26309,Nogometaš
26315,Nogometaš
39314,Fizik
39314,Politik
45502,Filozof
45502,Teolog
45502,Redovnik
45502,Duhovnik
46256,Deskar na snegu
46662,Veslač
57329,Univerzitetni profesor
57329,Zgodovinar
57329,Diplomat
57329,Pravnik
57329,Politik
57627,Politik
58079,Pravnik
58079,Politik
58079,Odvetnik
58449,Filmski igralec
58449,Radijski voditelj
58449,Novinar
58449,Kantavtor
61219,Nogometaš
78482,Kemik
78482,Fizik
78482,Profesor
78482,Farmacevt
78482,Zdravnik
78592,Filozof
78592,Psihik
78592,Violinist
78592,Glasbenik
78592,Astrolog
78592,Skladatelj
78592,Pisatelj
79131,Potopisec
79131,Pesnik
79131,Pisatelj
84444,Jezikoslovec
84444,Prevajalec
84444,Knjižničar
84444,Pisatelj
85040,Umetnostni drsalec
85040,Atlet
85040,Nogometaš
85040,Inženir
85040,Arhitekt
85079,Sabljač
85079,Vojak
86243,Kartograf
86243,Geograf
86243,Duhovnik
87156,Glasbeni učitelj
87156,Operni pevec
87156,Pevec
90003,Univerzitetni profesor
90003,Politik
90003,Filozof
90558,Častnik
93401,Slavist
93401,Jezikoslovec
93401,Filolog
93401,Filozof
93401,Pedagog
93401,Pravnik
93401,Knjižničar
93401,Profesor
93401,Politik
93401,Odvetnik
93401,Pisatelj
93520,Geodet
93520,Meteorolog
93520,Častnik
93520,Matematik
93520,Fizik
93520,Inženir
93520,Astronom
93955,Novinar
93955,Avtor
93955,Prevajalec
93955,Učitelj
93955,Pisatelj
93959,Dramaturg
93959,Prevajalec
93959,Pesnik
93959,Pisatelj
93975,Vojak
112301,Filolog
112301,Botanik
112301,Univerzitetni profesor
112486,Izumitelj
112919,Novinar
112919,Pisatelj
118513,Nogometaš
123878,Mladinski pisatelj
123878,Pisatelj
126968,Nordijski kombinatorec
132193,Teolog
132193,Prevajalec
132193,Duhovnik
132193,Pomožni škof
132193,Pesnik
132193,Pisatelj
137614,Kolesar
147810,Urednik
147810,Prevajalec
147810,Dramatik
147810,Učitelj
147810,Pisatelj
156902,Teolog
156902,Prevajalec
156902,Duhovnik
156902,Pisatelj
156902,Prevajalec svetega pisma
161900,Novinar
161900,Urednik
161900,Politik
161900,Pisatelj
165852,Smučarski skakalec
168948,Nogometaš
168948,Nogometni trener
171228,Diplomat
171228,Ekonomist
171228,Politični komisar
171228,Politik
171228,Poslovnež
171228,Pisatelj
171228,Bankir
174719,Kolesar
175451,Košarkarski trener
175451,Košarkar
177511,Nogometaš
177511,Nogometni trener
178639,Kolesar
179513,Smučarski skakalec
179513,Geograf
183566,Hokejist
184750,Kulturni kritik
184750,Kulturolog
184750,Esejist
184750,Filozof
184750,Psihoanalitik
184750,Sociolog
184750,Univerzitetni profesor
184750,Teolog
184750,Psiholog
184750,Politik
187761,Obveščevalni častnik
187761,Vojaški ataše
187761,Vojaška osebnost
192041,Partizan
192041,Politični komisar
192041,Politik
194443,Politični komisar
194443,Politik
194443,Odvetnik
196311,Plavalec
197527,Smučarski tekač
199899,Pravnik
199899,Politik
200509,Mecen
200509,Mineralog
200509,Ornitolog
200509,Podjetnik
200509,Poslovnež
200509,Pisatelj
201156,Atlet
203291,Alpski smučar
206471,Politolog
206471,Politik
207127,Nogometaš
207158,Nogometaš
207186,Nogometaš
209185,Smučarski tekač
213002,Nogometaš
213032,Nogometaš
213085,Nogometaš
213112,Nogometaš
217358,Atlet
217358,Šprinter
217903,Baletnik
217903,Politik
220521,Tajkun
220521,Ekonomist
220521,Podjetnik
220521,Politik
220530,Rokometaš
220545,Risar
220545,Grafik
220545,Slikar
220545,Grafični oblikovalec
220547,Nogometaš
220554,Tekstopisec
220554,Kantavtor
220554,Pevec
220554,Skladatelj
220572,Politolog
220572,Tajkun
220572,Diplomat
220572,Politik
220572,Poslovnež
229079,Tenisač
229116,Tenisač
231305,Smučarski tekač
231334,Aristokrat
231366,Operni pevec
231366,Pevec
231488,Nogometaš
233613,Udeleženec lepotnih tekmovanj
233613,Model
233613,Pevec
233613,Igralec
236878,Slikar
239269,Atlet
239269,Tekač na srednje proge
239728,Teniški trener
239728,Tenisač
239728,Politik
240347,Politik
240347,Odvetnik
240351,Plavalec
240996,Pevec
241010,Pevec
241258,Šahist
249737,Nogometaš
250714,Kolesar
251428,Zdravnik
251428,Skladatelj
252528,Novinar
252528,Učitelj
252528,Pisatelj
256657,Kolumnist
256657,Računalnikar
256657,Pisatelj
256657,Scenarist
258290,Tenisač
258425,Biatlonec
258425,Smučarski tekač
258443,Alpski smučar
261710,Nogometaš
261766,Župnik
261766,Duhovnik
261766,Pisatelj
262711,Šahist
262711,Politolog
262711,Politik
262833,Novinar
262833,Duhovnik
266026,Politolog
266026,Ekonomist
266026,Politik
267826,Duhovnik
267826,Pisatelj
268003,Partizan
268003,Politik
268003,Pisatelj
268621,Prevajalec
268621,Duhovnik
268621,Pisatelj
269029,Judoist
269029,Vojaška osebnost
269065,Alpski smučar
269092,Pevec
269146,Biatlonec
269146,Smučarski tekač
269146,Kolesar
271356,Atlet
271363,Alpski smučar
271378,Alpski smučar
271378,Novinar
277836,Šahist
277836,Geograf
281838,Nabožni pisatelj
281838,Učitelj
281838,Pisatelj
282217,Nogometaš
282653,Diplomat
282653,Politični komisar
282653,Politik
284450,Filmski igralec
284450,Gledališki igralec
284450,Pevec
284450,Igralec
287014,Nogometaš
287014,Nogometni trener
287267,Tenisač
287332,Operni pevec
287332,Pevec
287352,Alpski smučar
290571,Smučarski skakalec
290705,Vojak
290705,Aristokrat
290705,Politik
298491,Nogometaš
301171,Jezikoslovec
301171,Esejist
301171,Mladinski pisatelj
301171,Literarni kritik
301171,Prevajalec
301171,Dramatik
301171,Pesnik
301171,Pisatelj
310106,Zgodovinar moderne dobe
310106,Filozof
310106,Sociolog
310106,Novinar
310106,Univerzitetni profesor
310106,Prevajalec
310106,Zgodovinar
310106,Politik
311328,Nogometaš
314736,Nogometaš
314886,Univerzitetni profesor
314886,Urbanist
314886,Arhitekt
315246,Nogometni sodnik
318926,Košarkar
319533,Gledališki kritik
319533,Esejist
319533,Kritik
319533,Urednik
319533,Partizan
319533,Učitelj
319533,Pisatelj
321636,Glasbeni učitelj
321636,Univerzitetni profesor
321636,Violinist
321636,Glasbenik
322609,Teolog
322609,Duhovnik
322616,Duhovnik
322616,Skladatelj
322661,Zborovodja
322661,Duhovnik
322661,Dirigent
322661,Skladatelj
322818,Šahist
322818,Šahovski problemist
324129,Jezikoslovec
324129,Mladinski pisatelj
324129,Literarni urednik
324129,Novinar
324129,Prevajalec
324129,Pesnik
324129,Pisatelj
324198,Rokometaš
328366,Nogometaš
328418,Glasbeni učitelj
328418,Skladatelj
328422,Trener alpskega smučanja
328422,Alpski smučar
328436,Kipar
328436,Pisatelj
328492,Filmski igralec
328492,Gledališki igralec
328492,Igralec
329536,Nogometaš
329542,Nogometaš
329542,Nogometni trener
331062,Alpski smučar
336503,Košarkarski trener
336503,Košarkar
337420,Biatlonec
338876,Filozof
342406,Nogometaš
343307,Univerzitetni profesor
343307,Nogometaš
343307,Nogometni trener
343329,Filmski režiser
343342,Kolesar
343342,Športni strokovni komentator
344599,Kritik
344599,Filozof
344599,Literarni kritik
344599,Teolog
344599,Škof
344599,Duhovnik
344599,Pesnik
344599,Pisatelj
345330,Deskar na snegu
345336,Novinar
345336,Zgodovinar
345336,Vojni dopisnik
346712,Nogometaš
348832,Jezikoslovec
348832,Ravnatelj
348832,Učitelj
348832,Pisatelj
350118,Hokejist
350121,Biatlonec
350125,Biatlonec
350345,Nogometaš
350372,Nogometaš
351683,Esejist
351683,Romanopisec
351683,Dramatik
351683,Pisatelj
352413,Šahist
352583,Kolesar
352593,Nabožni pisatelj
352593,Avtor
352593,Duhovnik
352593,Politik
352593,Pisatelj
352600,Univerzitetni profesor
352600,Teolog
352600,Škof
352600,Duhovnik
352600,Učitelj
353534,Nogometaš
353534,Nogometni trener
354234,Telovadec
354234,Orodni telovadec
354234,Sodnik
357798,Pisatelj
357798,Šahist
357798,Filozof
357798,Univerzitetni profesor
357798,Elektroinženir
357798,Inženir
358249,Kolesar
358831,Kolesar
359370,Košarkar
360127,Filozof
360127,Sociolog
360127,Urednik
360127,Politik
360549,Trener alpskega smučanja
360549,Alpski smučar
361024,Nogometaš
361058,Nogometaš
363287,Skeletonec
363591,Biatlonec
363612,Rokometaš
365246,Teolog
365246,Duhovnik
366766,Košarkarski trener
366766,Košarkar
367383,Jezikoslovec
367383,Esejist
367383,Prevajalec
367383,Partizan
367383,Politični komisar
367383,Politik
367383,Pesnik
367383,Pisatelj
368106,Kolesar
368139,Kritik
368139,Literarni kritik
368139,Pesnik
368139,Pisatelj
369532,Košarkar
370431,Košarkar
371530,Hokejist
372253,Nogometaš
373213,Pesnik
373213,Pisatelj
373570,Pisatelj
373570,Šahist
373612,Tenisač
375189,Košarkar
375787,Hokejist
375811,Nogometaš
375811,Nogometni trener
378747,Politik
378747,Pesnik
378747,Pisatelj
379172,Alpski smučar
379328,Muzikolog
379328,Pianist
379328,Dirigent
379328,Skladatelj
380035,Košarkarski trener
380035,Košarkar
382065,Kolesar
382197,Filmski igralec
382197,Televizijski igralec
382197,Gledališki igralec
382197,Igralec
384991,Esejist
384991,Dramaturg
384991,Dramatik
384991,Pesnik
384991,Pisatelj
384991,Scenarist
386941,Rokometaš
387671,Novinar
387671,Urednik
387671,Dramatik
387671,Pesnik
387671,Pisatelj
388647,Smučarski skakalec
392245,Alpski smučar
392255,Smučarski skakalec
393407,Esejist
393407,Aforist
393407,Režiser
393407,Gledališki režiser
393407,Filmski režiser
393407,Novinar
393407,Pisatelj
393407,Scenarist
393695,Nogometaš
393695,Nogometni trener
393996,Hokejist
394003,Hokejist
394008,Hokejist
403662,Alpinist
406925,Tenisač
422608,Partizan
422608,Politični komisar
422608,Politik
431716,Alpski smučar
431743,Esperantist
431743,Politik
431769,Biatlonec
431769,Smučarski tekač
431797,Alpski smučar
431929,Univerzitetni profesor
431929,Pravnik
431929,Odvetnik
431929,Sodnik
432473,Model
432473,Oblikovalec nakita
432473,Poslovnež
434177,Ekonomist
434177,Politik
434426,Univerzitetni profesor
434426,Urednik
434426,Politik
434431,Novinar
434431,Umetnostni zgodovinar
434431,Urednik
434431,Politik
434599,Alpski smučar
434609,Alpski smučar
436085,Hokejist
436085,Hokejski trener
436736,Smučarski skakalec
437556,Atlet
437935,Univerzitetni profesor
437935,Ekonomist
437935,Minister
437935,Politik
438758,Smučarski skakalec
438778,Smučarski skakalec
438790,Glasbeni učitelj
438790,Redovnik
438790,Skladatelj
438813,Smučarski skakalec
439708,Atlet
439708,Šprinter
439708,Politik
439813,Skladatelj
439908,Nogometaš
441316,Nogometaš
441575,Smučarski skakalec
443716,Košarkar
443730,Košarkar
444483,Smučarski skakalec
446455,Scenograf
446455,Performer
446455,Avtor
446455,Igralec
446455,Filmski igralec
446455,Gledališki režiser
448891,Rokometaš
449459,Alpinist
449459,Vojak
449459,Plezalec
449459,Planinski vodnik
449459,Fotograf
450649,Univerzitetni profesor
450649,Teolog
450649,Duhovnik
451561,Biatlonec
451561,Smučarski tekač
451570,Politolog
451570,Politik
451593,Pevec
451604,Alpski smučar
451632,Alpski smučar
451662,Smučarski skakalec
451674,Biatlonec
451870,Šahist
451875,Jazz glasbenik
451875,Pevec
451882,Smučarski skakalec
451899,Taekwondoist
451933,Smučarski skakalec
451945,Udeleženec lepotnih tekmovanj
451945,Filmski igralec
451945,Model
451945,Igralec
451954,Alpski smučar
451982,Alpski smučar
451988,Atlet
451997,Pevec
452853,Alpski smučar
453273,Pevec
453497,Smučarski skakalec
453622,Trener smučarskih skokov
453622,Smučarski skakalec
455335,Nogometaš
456136,Smučarski skakalec
456643,Glasbenik
456643,Zgodovinar
458584,Košarkarski trener
458584,Košarkar
460814,Smučarski skakalec
461559,Kolesar
462744,Novinar
462744,Politik
464922,Ekonomist
464922,Politik
464939,Hokejist
468005,Operni pevec
468005,Glasbenik
468005,Pevec
468144,Taekwondoist
468159,Smučarski skakalec
468167,Metalec kopja
468167,Atlet
468186,Jezikoslovec
468186,Prevajalec
468186,Zgodovinar
468186,Pesnik
468186,Pisatelj
468201,Pevec
468204,Atlet
468208,Smučarski skakalec
468211,Novinar
468211,Pisatelj
468216,Šahist
468225,Politik
468225,Odvetnik
468593,Badmintonist
468873,Umetnostni drsalec
468883,Teolog
468883,Redovnik
468883,Duhovnik
471587,Kipar
472099,Kajakaš
472099,Kanuist
472107,Hokejist
472123,Jezikoslovec
472123,Literarni kritik
472123,Prevajalec
472123,Pesnik
472123,Pisatelj
472138,Hokejist
475761,Rokometaš
476450,Biatlonec
481309,Kartograf
481309,Geograf
481309,Pravnik
481309,Politik
481309,Odvetnik
487886,Smučarski tekač
487906,Internist
487906,Bakteriolog
487906,Smučarski tekač
495173,Nogometaš
502843,Kolesar
502843,Športni direktor
502854,Hokejist
502870,Alpski smučar
502913,Alpski smučar
502944,Biatlonec
502985,Alpski smučar
503078,Hokejist
503103,Alpinist
503115,Alpski smučar
503846,Hokejist
504141,Nogometaš
505210,Nogometaš
506526,Alpski smučar
506526,Poslovnež
508421,Univerzitetni profesor
508421,Matematik
510462,Nogometaš
515684,Teolog
515684,Duhovnik
515684,Politik
515684,Pisatelj
515727,Tenisač
523567,Badmintonist
523769,Košarkar
524388,Duhovnik
524864,Redovnik
524864,Duhovnik
524968,Filozof
524968,Umetnostni zgodovinar
524968,Teolog
524968,Duhovnik
530609,Kolesar
532832,Košarkar
533088,Kolesar
535355,Jezikoslovec
535355,Kritik
535355,Novinar
535355,Avtor
535355,Prevajalec
535355,Partizan
535355,Častnik
535355,Pesnik
535355,Pisatelj
542412,Tenisač
542446,Avtor
542446,Pesnik
542446,Učitelj
542446,Pisatelj
542949,Alpski smučar
542961,Prevajalec
542961,Pesnik
542961,Pisatelj
542978,Novinar
542978,Psihoterapevt
542978,Avtor
542978,Pesnik
542978,Pisatelj
543026,Maratonec
543026,Atlet
543037,Alpski smučar
543053,Flavtist
543053,Pevec
543093,Smučar prostega sloga
543553,Entomolog
543553,Slikar
543553,Čebelar
543553,Zoolog
544010,Smučarski skakalec
544010,Študent
545456,Biatlonec
549347,Alpski smučar
551200,Nogometaš
551267,Zbiratelj
551267,Založnik
551267,Aristokrat
551267,Kartograf
551267,Geograf
551267,Polihistor
551267,Pisatelj
551358,Alpski smučar
553524,Nogometaš
554492,Univerzitetni profesor
554492,Matematik
560656,Urednik
560656,Dramatik
560656,Diplomat
560656,Politik
560656,Pisatelj
560656,Literarni zgodovinar
560656,Sociolog
560656,Univerzitetni profesor
561734,Športni strelec
561804,Urednik
561804,Arhivist
561804,Duhovnik
561804,Pesnik
561804,Pisatelj
563004,Direktor fotografije
563349,Univerzitetni profesor
563349,Teolog
563349,Duhovnik
569236,Nogometaš
569241,Nogometaš
569368,Alpski smučar
572461,Univerzitetni profesor
572461,Arhitekt
574516,Jezikoslovec
574516,Redovnik
574516,Prevajalec
574516,Duhovnik
574516,Pesnik
575492,Leksikograf
575492,Jezikoslovec
575492,Etnolog
575492,Škof
575492,Duhovnik
579636,Prevajalec
579636,Dramatik
579636,Pesnik
579636,Učitelj
579636,Pisatelj
579636,Slavist
579636,Esejist
579636,Kritik
579636,Literarni kritik
580185,Biatlonec
580185,Učitelj telesne vzgoje
581808,Pravnik
581808,Pesnik
581808,Odvetnik
581911,Kolesar
582807,Atlet
586826,Alpski smučar
588808,Operni pevec
588808,Orglavec
588808,Pevec
589469,Jezikoslovec
589469,Urednik
589469,Prevajalec
589469,Pesnik
589469,Učitelj
589469,Pisatelj
590116,Pomorski častnik
591809,Teolog
591809,Pedagog
591809,Škof
591809,Duhovnik
591809,Pesnik
591809,Skladatelj
591809,Pisatelj
591924,Izdelovalec glasbil
594563,Nogometaš
594563,Zdravnik
594866,Zgodovinar
594866,Pesnik
594866,Pisatelj
594866,Dramatik
596610,Nogometaš
596610,Nogometni trener
597540,Filmski igralec
597540,Televizijski igralec
597540,Gledališki igralec
597540,Igralec
597785,Novinar
597785,Slikar
597785,Partizan
597785,Pesnik
597785,Pisatelj
597895,Univerzitetni profesor
597895,Arhitekt
602275,Duhovnik
602275,Politik
603418,Šahist
603601,Esejist
603601,Dramatik
603601,Politik
603601,Pisatelj
603613,Esejist
603613,Literarni kritik
603613,Pesnik
603613,Pisatelj
603613,Scenarist
607638,Operni pevec
607638,Performer
607638,Zoolog
607638,Pevec
611832,Urednik
611832,Duhovnik
612798,Nabožni pisatelj
612798,Avtor
612798,Duhovnik
612798,Pisatelj
613843,Nabožni pisatelj
613843,Založnik
613843,Urednik
613843,Duhovnik
613843,Politik
613843,Pisatelj
615477,Novinar
615477,Pevec
616322,Košarkarski trener
616322,Košarkar
619848,Alpski smučar
622403,Nogometaš
627869,Alpski smučar
628070,Slavist
628070,Univerzitetni profesor
628070,Diplomat
628070,Politik
630584,Odbojkar
631856,Smučarski tekač
631856,Smučarski skakalec
640635,Univerzitetni profesor
640635,Politolog
640635,Politik
642128,Vojaška osebnost
646767,Lama
649437,Pedagog
649437,Politik
649437,Učitelj
654539,Hokejist
655958,Košarkar
658393,Jezikoslovec
658393,Filolog
658393,Teolog
658393,Čebelar
658393,Prevajalec
658393,Duhovnik
658622,Atlet
658969,Jezikoslovec
658969,Prevajalec
658969,Pesnik
658969,Odvetnik
658969,Pisatelj
658969,Sodnik
659020,Risar
659020,Raziskovalec
659020,Alpinist
659020,Kartograf
659020,Izumitelj
659020,Inženir
660313,Novinar
660313,Pravnik
660313,Politik
664963,Veslač
666436,Nogometaš
666660,Hokejist
666819,Rokometaš
671454,Kolesar
683339,Pozavnist
683339,Dirigent
683339,Skladatelj
683339,Glasbeni učitelj
683339,Jazz glasbenik
683339,Univerzitetni profesor
683397,Harmonikar
683397,Tekstopisec
685146,Novinar
685146,Diplomat
685146,Politik
685704,Mecen
685704,Diplomat
685704,Politik
685825,Hokejist
685825,Hokejski trener
686024,Avtor
686024,Pisatelj
686170,General
686170,Politik
695479,Politik
695479,Vojaška osebnost
695841,Inženir
695841,Poslovnež
695841,Tovarnar
695841,Izumitelj
696768,Nogometaš
696837,Alpski smučar
697765,Slikar
697765,General
697765,Pesnik
697765,Pisatelj
698109,Nogometaš
698109,Nogometni trener
700720,Aristokrat
700720,Zgodovinar
700720,Diplomat
700720,Pisatelj
700898,Politik
700898,Odvetnik
700898,Pisatelj
703064,Aristokrat
706853,Šprinter
709563,Prevajalec svetega pisma
709563,Teolog
709563,Prevajalec
709567,Alpski smučar
709567,Reper
710497,Jezikoslovec
710497,Bibliograf
710497,Urednik
710497,Prevajalec
710497,Dramatik
710497,Knjižničar
710497,Politik
710497,Pesnik
710497,Pisatelj
712261,Smučarski skakalec
713658,Romanopisec
713658,Novinar
713658,Avtor
713658,Prevajalec
713658,Pisatelj
714370,Skladatelj
714370,Univerzitetni profesor
714567,Kolesar
715928,Antropolog
715928,Avtor
715928,Duhovnik
715928,Pesnik
715928,Pisatelj
717534,Mirovni aktivist
717534,Avtor
717534,Pisatelj
717816,Smučarski skakalec
717835,Plavalec
722550,Telovadec
722550,Orodni telovadec
722550,Odvetnik
722558,Kolesar
722558,Športni direktor
723186,Smučarski skakalec
723632,Plavalec
723768,Novinar
725515,Smučarski skakalec
725580,Nogometaš
725593,Športni strokovni komentator
725593,Kolesar
725593,Športni direktor
725815,Prevajalec
725815,Duhovnik
725859,Filozof
725859,Meteorolog
725859,Prevajalec
725859,Matematik
725859,Astrolog
725859,Pisatelj
725859,Astronom
725881,Rokometaš
725915,Smučarski skakalec
726172,Nogometaš
726553,Pastor
726553,Duhovnik
726553,Pisatelj
729527,Prevajalec
729527,Duhovnik
729535,Duhovnik
737043,Župnik
737043,Duhovnik
737043,Politik
737043,Pisatelj
737297,Geograf
739185,Atlet
740556,Rokometaš
741899,Biatlonec
741899,Smučarski tekač
741920,Biatlonec
742763,Kitarist
742763,Pianist
742763,Pevec
742985,Košarkar
743146,Zločinec
743146,Serijski morilec
743213,Didžej
746844,Smučarski tekač
750895,Hokejist
752072,Jezikoslovec
752072,Prevajalec
752072,Partizan
752072,Pesnik
760748,Politik
760748,Partizan
760748,Politični komisar
766564,Alpski smučar
766564,Športni strokovni komentator
769006,Jezikoslovec
769006,Teolog
769006,Avtor
769006,Prevajalec
769006,Pisatelj
769498,Nogometaš
773740,Plavalec
774948,Šahist
774964,Šahist
775607,Novinar
775607,Politik
778552,Psihiater
778552,Politik
778552,Zdravnik
779789,Pesnik
779789,Pisatelj
779789,Prevajalec
779789,Psiholog
780927,Šahist
781125,Novinar
781125,Prevajalec
781125,Pesnik
783615,Tenisač
784781,Nogometaš
789050,Teolog
789050,Avtor
789050,Prevajalec
789050,Duhovnik
789050,Pisatelj
789485,Pastor
789485,Pisatelj
790323,Novinar
790323,Pisatelj
790518,Pesnik
790518,Duhovnik
793767,Pesnik
799836,Diplomat
799836,Politik
818085,Rokometaš
826657,Prevajalec svetega pisma
826657,Jezikoslovec
826657,Škof
826657,Prevajalec
826657,Duhovnik
826657,Pesnik
827849,Redaktor
827849,Partizan
827849,Politik
827849,Pesnik
835330,Avtor
835330,Duhovnik
835330,Politik
835330,Pisatelj
836877,Zgodovinar
836877,Politik
836877,Pesnik
839217,Nabožni pisatelj
839217,Avtor
839217,Duhovnik
839217,Učitelj
839217,Pisatelj
854181,Partizan
854181,Politik
854181,Vojaška osebnost
868889,Radijski voditelj
868889,Televizijski voditelj
868889,Policist
868889,Komik
876214,Alpski smučar
883237,Hokejist
883242,Tenisač
886453,Alpski smučar
890434,Trener smučarskih skokov
890434,Smučarski skakalec
891134,Aranžer
891134,Skladatelj filmske glasbe
891134,Dirigent
891134,Skladatelj
891134,Fotograf
891153,Namizni tenisač
891159,Jezikoslovec
891159,Univerzitetni profesor
892497,Hokejist
893695,Kipar
893790,Alpski smučar
894287,Plavalec
894289,Nogometaš
896334,Kolesar
896334,Športni direktor
896336,Alpski smučar
898265,Politik
898475,Smučarski skakalec
908321,Rokometaš
909708,Duhovnik
909989,Alpinist
909989,Duhovnik
909989,Skladatelj
917958,Nogometaš
923722,Smučarski skakalec
923884,Nogometaš
924983,Prevajalec
924983,Pisatelj
924983,Scenarist
925583,Kipar
925583,Slikar
928486,Nogometaš
928486,Nogometni trener
929468,Kolesar
931742,Nogometaš
931742,Nogometni trener
934288,Smučarski skakalec
938769,Košarkar
940527,Trener smučarskih skokov
940527,Smučarski skakalec
941440,Jezikoslovec
941440,Esejist
941440,Alpinist
941440,Filozof
941440,Sociolog
941440,Prevajalec
941440,Pisatelj
944304,Univerzitetni profesor
944304,Politični komisar
944304,Politik
946403,Kolesar
949189,Kolesar
952068,Raziskovalec
952068,Alpinist
952068,Fotograf
953886,Košarkar
954678,Nogometaš
954678,Nogometni trener
955310,Hokejist
955310,Hokejski trener
955463,Atlet
956353,Smučarski skakalec
956490,Kolesar
957051,Hokejist
959302,Glasbeni učitelj
959302,Skladatelj
959316,Trener smučarskih skokov
959316,Smučarski skakalec
960268,Smučarski skakalec
961199,Kolesar
962790,Hokejist
963256,Boksar
963905,Filmski igralec
963905,Tekstopisec
963905,Pevec
964655,Šahist
964655,Novinar
964655,Urednik
965515,Pesnik
965515,Pisatelj
966713,Minister
966713,Politik
969720,Nogometaš
971495,Košarkar
972064,Jezikoslovec
972064,Mladinski pisatelj
972064,Urednik
972064,Prevajalec
972064,Duhovnik
972064,Dramatik
972064,Pesnik
972064,Pisatelj
973928,Prevajalec
973928,Duhovnik
973928,Pesnik
973928,Pisatelj
981034,Diplomat
981034,Politik
981034,Odvetnik
981034,Pisatelj
981817,Smučar prostega sloga
981817,Alpski smučar
983877,Atlet
983930,Hokejist
984291,Bankir
984291,Partizan
984291,Častnik
984291,Politični komisar
984291,Politik
984295,Hokejist
984303,Smučarski skakalec
999990,Smučarski skakalec
999994,Smučarski skakalec
1002064,Novinar
1002064,Prevajalec
1002064,Učitelj
1002250,Univerzitetni profesor
1002250,Fizik
1020553,Jezikoslovec
1020553,Prevajalec
1020553,Pisatelj
1024048,Tekstopisec
1024048,Kantavtor
1024048,Pevec
1024048,Pesnik
1024048,Skladatelj
1027873,Alpski smučar
1029182,Rokometaš
1050640,Jezikoslovec
1050640,Teolog
1050640,Prevajalec
1050640,Učitelj
1050640,Pisatelj
1055212,Novinar
1055212,Politik
1057929,Duhovnik
1057929,Zgodovinar
1083392,Politik
1083392,Pisatelj
1083404,Jezikoslovec
1083404,Literarni kritik
1083404,Novinar
1083404,Urednik
1083404,Redovnik
1083404,Prevajalec
1083404,Duhovnik
1083404,Pesnik
1083404,Učitelj
1083404,Pisatelj
1091369,Košarkar
1100280,Jezikoslovec
1100280,Esejist
1100280,Vohun
1100280,Urednik
1100280,Prevajalec
1100280,Dramatik
1100280,Politik
1100280,Pesnik
1110015,Nogometaš
1112771,Košarkar
1115819,Košarkar
1132212,Plavalec
1145090,Nogometaš
1158590,Nordijski kombinatorec
1159458,Esejist
1159458,Mladinski pisatelj
1159458,Dramatik
1159458,Knjižničar
1159458,Pesnik
1159458,Pisatelj
1165504,Nogometaš
1168126,Biatlonec
1176370,Hokejist
1178302,Kapelnik
1178302,Dirigent
1178302,Skladatelj
1181096,Filozof
1181096,Univerzitetni profesor
1183469,Nogometaš
1183478,Smučarski skakalec
1183480,Nogometaš
1185395,Igralec
1185395,Filmski igralec
1225765,Univerzitetni profesor
1225765,Politik
1225765,Filozof
1225765,Sociolog
1226523,Zgodovinar
1230596,Univerzitetni profesor
1230596,Psihiater
1230596,Politik
1230878,Veslač
1231405,Nogometaš
1231561,Hokejist
1242668,Jezikoslovec
1242668,Literarni zgodovinar
1242668,Etnolog
1242668,Prevajalec
1242668,Pesnik
1242668,Pisatelj
1247104,Nogometaš
1249359,Hokejist
1254183,Politik
1254746,Alpski smučar
1256081,Šahist
1260275,Ekonomist
1260275,Politik
1260371,Režiser
1260371,Filmski režiser
1260371,Dramatik
1260371,Arhitekt
1260371,Igralec
1261547,Glasbeni učitelj
1261547,Glasbenik
1261547,Klarinetist
1262039,Filmski igralec
1262039,Igralec
1263588,Pevec
1263588,Skladatelj
1263976,Glasbeni učitelj
1263976,Klarinetist
1268202,Rokometaš
1268259,Šahist
1271168,Tenisač
1272422,Pesnik
1272422,Pisatelj
1275522,Zločinec
1275522,Serijski morilec
1277170,Jezikoslovec
1277170,Literarni zgodovinar
1277170,Esejist
1277170,Filozof
1277170,Literarni kritik
1277170,Prevajalec
1277170,Pisatelj
1278140,Pesnik
1278140,Pisatelj
1280314,Vojaška osebnost
1282852,Mladinski pisatelj
1282852,Urednik
1282852,Pesnik
1282852,Pisatelj
1284327,Kemik
1284327,Pisatelj
1284332,Jezikoslovec
1284332,Novinar
1284332,Prevajalec
1284332,Pesnik
1284332,Pisatelj
1285890,Telovadec
1285890,Orodni telovadec
1290226,Nogometaš
1291392,Namizni tenisač
1310829,Biatlonec
1338151,Smučarski skakalec
1340325,Hokejist
1340325,Hokejski trener
1340371,Taekwondoist
1345407,Alpski smučar
1345485,Teolog
1345485,Duhovnik
1345485,Misijonar
1345485,Raziskovalec
1346264,Biatlonec
1348474,Nogometaš
1353796,Alpski smučar
1355934,Nogometaš
1361315,Nogometaš
1365796,Deskar na snegu
1365887,Alpski smučar
1366238,Alpski smučar
1369372,Veslač
1369465,Astrofizik
1369465,Astronom
1369725,Redovnik
1369725,Duhovnik
1369725,Pisatelj
1371533,Nogometaš
1376233,Filmski režiser
1378416,Politolog
1378416,Diplomat
1378416,Politik
1379874,Biatlonec
1379874,Smučarski tekač
1386018,Kolesar
1389373,Nogometaš
1389433,Trener smučarskih skokov
1389433,Smučarski skakalec
1389581,Alpski smučar
1393163,Novinar
1393163,Univerzitetni profesor
1393163,Zgodovinar
1393163,Pisatelj
1395360,Smučarski skakalec
1396203,Atlet
1396691,Esejist
1396691,Dramatik
1396691,Pisatelj
1397983,Prevajalec svetega pisma
1397983,Ugankar
1397983,Esejist
1397983,Kritik
1397983,Literarni kritik
1397983,Prevajalec
1397983,Pesnik
1397983,Pisatelj
1398041,Pisatelj znanstvene fantastike
1398041,Urednik
1398041,Fizik
1398041,Politik
1398041,Pisatelj
1398765,Nogometaš
1399037,Trener smučarskih skokov
1399037,Smučarski skakalec
1399784,Trener smučarskih skokov
1399784,Smučarski skakalec
1399798,Nogometaš
1399832,Smučarski skakalec
1413662,Pesnik
1413662,Pisatelj
1415458,Univerzitetni profesor
1415458,Minister
1415458,Politik
1430463,Smučarski skakalec
1447270,Entomolog
1447270,Botanik
1447270,Teolog
1447270,Duhovnik
1447270,Knjižničar
1476075,Rokometaš
1491604,Hokejist
1492284,Kolesar
1496745,Smučarski skakalec
1496745,Nordijski kombinatorec
1502530,Univerzitetni profesor
1502530,Slikar
1509087,Nogometaš
1545201,Univerzitetni profesor
1545201,Pravnik
1545201,Politik
1545201,Odvetnik
1545223,Pravnik
1545223,Politik
1545223,Odvetnik
1545248,Hokejist
1556027,Zdravnik
1556027,Skladatelj
1564209,Jezikoslovec
1564209,Prevajalec
1564209,Glasbeni producent
1564209,Skladatelj
1564209,Igralec
1564244,Gledališki igralec
1564244,Igralec
1564244,Filmski igralec
1581584,Smučarski skakalec
1587562,Nogometaš
1587562,Nogometni trener
1605703,Arhitekt
1605863,Sociolog
1605863,Urednik
1605863,Psiholog
1605863,Diplomat
1605863,Politik
1613191,Duhovnik
1628512,Sociolog
1628512,Politik
1642178,Filozof
1647927,Badmintonist
1657495,Pedagog
1657495,Fizik
1657720,Nogometaš
1668109,Avtor
1668109,Zgodovinar
1668109,Ekonomist
1668109,Pisatelj
1674888,Namizni tenisač
1675783,Matematik
1676158,Jezikoslovec
1676158,Esejist
1676158,Avtor
1676158,Prevajalec
1676158,Pesnik
1676158,Pisatelj
1679332,Risar
1679332,Kipar
1679332,Slikar
1679332,Ilustrator
1679332,Pesnik
1679332,Pisatelj
1682686,Filmski režiser
1682686,Televizijski režiser
1682686,Univerzitetni profesor
1682686,Igralec
1682690,Nogometaš
1682690,Nogometni trener
1682818,Glasbeni učitelj
1682818,Filmski producent
1682818,Filmski režiser
1682818,Univerzitetni profesor
1682818,Pianist
1682818,Direktor fotografije
1682818,Skladatelj
1682818,Fotograf
1695374,Avtor
1695374,Zgodovinar
1695374,Pisatelj
1695581,Nogometaš
1695581,Nogometni trener
1706993,Lokostrelec
1707805,Košarkar
1708717,Vojaški zdravnik
1708717,Zdravnik
1708717,Skladatelj
1710276,Biatlonec
1710276,Smučarski tekač
1710277,Zgodovinar
1710280,Nogometaš
1710280,Nogometni trener
1713830,Rokometaš
1733874,Športni strelec
1740190,Nogometaš
1743645,Glasbeni učitelj
1743645,Esejist
1743645,Univerzitetni profesor
1743645,Pianist
1743645,Prevajalec
1743645,Skladatelj
1743645,Fotograf
1754963,Plavalec
1754970,Plavalec
1773598,Nogometaš
1799194,Trener smučarskih skokov
1799194,Smučarski skakalec
1811902,Veslač
1812273,Krmar
1812361,Veslač
1819410,Filozof
1819410,Univerzitetni profesor
1819410,Prevajalec
1819410,Diplomat
1819410,Pravnik
1819410,Odvetnik
1824937,Biatlonec
1835239,Gorski kolesar
1835239,Kolesar
1847011,Oblikovalec
1847011,Grafični oblikovalec
1851802,Alpski smučar
1851922,Nordijski kombinatorec
1851922,Smučarski skakalec
1856006,Hokejist
1861677,Politik
1861677,Zdravnik
1873447,Biatlonec
1876840,Harmonikar
1876840,Glasbenik
1876850,Badmintonist
1885997,Badmintonist
1899746,Biatlonec
1899757,Biatlonec
1900821,Nogometaš
1900836,Nogometaš
1900836,Nogometni trener
1900839,Dirigent
1908162,Biatlonec
1908834,Hokejist
1908877,Biatlonec
1908879,Smučarski skakalec
1932743,Rokometaš
1934173,Rokometaš
1937011,Nogometaš
1937244,Publicist
1937244,Prevajalec
1937244,Učitelj
1937244,Pisatelj
1938947,Judoist
1939671,Prazgodovinar
1939671,Antropolog
1939671,Arheolog
1939671,Paleontolog
1939671,Geolog
1939707,Hokejist
1968767,Politik
1968767,Pisatelj
1968767,Esejist
1968767,Kritik
1968767,Literarni kritik
1968767,Dramaturg
1968767,Prevajalec
1968767,Politični komisar
1969431,Kulturni kritik
1969431,Esejist
1969431,Sociolog
1969431,Urednik
1969431,Prevajalec
1969431,Pesnik
1969957,Rokometaš
1973597,Pianist
1973597,Skladatelj
1988873,Nogometaš
1991329,Košarkarski trener
1991329,Športni strokovni komentator
2016907,Nogometaš
2017721,Nogometaš
2022882,Publicist
2022882,Esejist
2022882,Kritik
2022882,Prevajalec
2022882,Dramatik
2022882,Partizan
2022882,Pesnik
2022882,Pisatelj
2024776,Diplomat
2024776,Minister
2024776,Politik
2032509,Alpinist
2032509,Plezalec
2032761,Košarkar
2033668,Košarkar
2033827,Košarkar
2046611,Arheolog
2046611,Filmski režiser
2057044,Nogometaš
2057044,Nogometni trener
2058682,Nogometaš
2063514,Smučarski skakalec
2066244,Nogometaš
2067069,Nogometaš
2067069,Nogometni trener
2071744,Antropolog
2071744,Arheolog
2071744,Botanik
2071744,Meteorolog
2071744,Kustos
2071744,Geolog
2071744,Zgodovinar
2071744,Politik
2074921,Smučarski skakalec
2074921,Izumitelj
2080937,Nogometaš
2081084,Sindikalist
2081084,Partizan
2081084,Politični komisar
2081084,Politik
2081618,Politični komisar
2081618,Politik
2092750,Hokejist
2092911,Jezikoslovec
2092911,Esejist
2092911,Filozof
2092911,Kolumnist
2092911,Esperantist
2092911,Prevajalec
2092911,Pisatelj
2093546,Nogometaš
2097345,Hokejist
2107611,Judoist
2110167,Smučarski skakalec
2110167,Kolesar
2112771,Biatlonec
2112771,Smučarski tekač
2119646,Kolesar
2121167,Gospodinja
2138787,Skladatelj
2138787,Sodnik
2154877,Častnik
2154877,Skladatelj
2154996,Judoist
2165261,Didžej
2166258,Nogometaš
2166268,Biblicist
2166268,Jezikoslovec
2166268,Filolog
2166268,Esejist
2166268,Dramaturg
2166268,Prevajalec
2166268,Dramatik
2166268,Pesnik
2166268,Pisatelj
2194106,Pesnik
2194106,Pisatelj
2194106,Dramatik
2194106,Diplomat
2194106,Politik
2214109,Nogometaš
2226789,Diplomat
2226789,Vojaška osebnost
2228682,Atlet
2231223,Nogometaš
2236373,Nogometaš
2239174,Nogometaš
2239174,Nogometni trener
2254997,Rokometaš
2256514,Nogometaš
2256514,Nogometni trener
2260816,Judoist
2263124,Rokometaš
2266523,Slikar
2266523,Ilustrator
2266523,Arhitekt
2266523,Pisatelj
2268845,Grafik
2268845,Slikar
2268845,Fotograf
2272606,Rokometaš
2280312,Bankir
2280312,Ekonomist
2280312,Politik
2281895,Hokejist
2281895,Hokejski trener
2282246,Grafik
2282246,Oblikovalec
2282246,Slikar
2282246,Ilustrator
2282792,Košarkar
2291089,Košarkar
2306993,Nogometaš
2308816,Politolog
2308816,Politik
2324642,Filozof
2324642,Politik
2332578,Telovadec
2332578,Orodni telovadec
2339347,Slikar
2339347,Pevec
2339787,Nogometaš
2345954,Pisatelj
2345954,Dramatik
2345954,Esejist
2345954,Novinar
2345982,Pesnik
2346395,Diplomat
2346395,Politični komisar
2346395,Politik
2353788,Pilot
2353788,Vojaški pilot
2357478,Partizan
2362903,Sabljač
2367359,Nogometaš
2372001,Judoist
2372013,Judoist
2372211,Judoist
2378116,Umetnik
2380540,Partizan
2380540,Pravnik
2380540,Politični komisar
2380540,Politik
2380540,Odvetnik
2382320,Fizik
2382320,Pisatelj
2402238,Telovadec
2402238,Orodni telovadec
2402238,Sodnik
2404888,Operni pevec
2410786,Veslač
2413729,Novinar
2413729,Dramatik
2413729,Pesnik
2413729,Pisatelj
2419171,Nogometaš
2420571,Nogometaš
2430383,Košarkar
2440588,Gledališki režiser
2440601,Biatlonec
2441000,Jezikoslovec
2441000,Literarni zgodovinar
2441000,Literarni kritik
2441000,Knjižničar
2444202,Nogometaš
2452206,Košarkar
2456412,Veslač
2472077,Nogometaš
2472334,Košarkar
2474110,Pravnik
2474110,Politik
2474110,Pesnik
2474110,Pisatelj
2474664,Košarkarski trener
2478801,Univerzitetni profesor
2478801,Dirigent
2497776,Slikar
2506568,Botanik
2506568,Geograf
2506568,Geolog
2506568,Naravoslovec
2508496,Alpinist
2508496,Teolog
2508496,Duhovnik
2508496,Pesnik
2508496,Učitelj
2508496,Pisatelj
2512445,Filozof
2512445,Sociolog
2512445,Univerzitetni profesor
2512445,Politik
2517747,Nogometaš
2517747,Nogometni trener
2524734,Pevec
2531888,Deskar na snegu
2534734,Pravnik
2534734,Politik
2534734,Odvetnik
2539082,Nogometaš
2539126,Nogometaš
2539126,Nogometni trener
2539609,Košarkarski trener
2539609,Košarkar
2550686,Jezikoslovec
2550686,Prevajalec
2550686,Duhovnik
2550686,Pisatelj
2557893,Šahist
2568024,Smučarski skakalec
2570472,Troskokač
2570472,Atlet
2576166,Alpski smučar
2579549,Nogometaš
2591356,Motociklist
2596263,Nogometaš
2604682,Nogometaš
2604829,Košarkarski trener
2604829,Športni strokovni komentator
2607662,Partizan
2607662,Zdravnik
2607662,Pisatelj
2613011,Telovadec
2613011,Orodni telovadec
2613011,Poslovnež
2613196,Tenisač
2620536,Publicist
2620536,Šahist
2620838,Športni komentator
2620838,Politik
2620838,Košarkarski trener
2620838,Košarkar
2626579,Nogometaš
2631003,Veslač
2631055,Krmar
2631064,Veslač
2631737,Telovadec
2631737,Orodni telovadec
2631761,Telovadec
2631761,Orodni telovadec
2634353,Košarkarski trener
2634353,Košarkar
2646442,Nogometaš
2646595,Mladinski pisatelj
2646595,Gledališki igralec
2646595,Ilustrator
2646595,Pevec
2646595,Pesnik
2646595,Pisatelj
2646595,Igralec
2646918,Nogometaš
2646918,Nogometni trener
2662614,Umetnostni drsalec
2665806,Nogometaš
2666010,Glasbeni producent
2666010,Didžej
2666010,Skladatelj
2666127,Nogometaš
2666422,Trener umetnostnega drsanja
2666422,Umetnostni drsalec
2666448,Atlet
2675370,Jezikoslovec
2675370,Gledališki režiser
2675370,Novinar
2675370,Prevajalec
2675370,Pesnik
2675370,Pisatelj
2679318,Alpinist
2679318,Smučar
2679938,Nogometaš
2680148,Nogometaš
2680148,Nogometni trener
2680191,Nogometaš
2696861,Plavalec
2698706,Politik
2698706,Inženir
2711906,Nogometaš
2713817,Nogometaš
2719753,Teolog
2719753,Redovnik
2719753,Politik
2719753,Zdravnik
2731993,Nogometaš
2741665,Hokejist
2745381,Nogometaš
2757381,Filmski igralec
2757381,Gledališki igralec
2778880,Veslač
2790169,Nogometaš
2803741,Filmski igralec
2803741,Televizijski voditelj
2803741,Igralec
2813367,Kajakaš
2831887,Hokejist
2831887,Hokejski trener
2832652,Odbojkar
2832654,Odbojkar na mivki
2832654,Odbojkar
2832666,Jazz glasbenik
2832666,Pevec
2834991,Mladinski pisatelj
2834991,Televizijski voditelj
2834991,Pisatelj
2834991,Igralec
2837351,Orodni telovadec
2840063,Alpski smučar
2846260,Kanuist
2846519,Hokejist
2857027,Dirigent
2884077,Metalec kladiva
2884077,Atlet
2910958,Košarkar
2913497,Alpinist
2913497,Kipar
2913514,Vohun
2913514,Zgodovinar
2913514,Politik
2923166,Skladatelj klasične glasbe
2923166,Skladatelj
2944601,Nogometaš
2983835,Glasbeni učitelj
2983835,Pianist
2988892,Violinist
2988892,Koncertni mojster
2988892,Dirigent
2988892,Skladatelj
2988912,Jezikoslovec
2988912,Esejist
2988912,Literarni kritik
2988912,Literarni urednik
2988912,Avtor
2988912,Prevajalec
2988912,Pesnik
2988912,Pisatelj
3015109,Smučarski skakalec
3019299,Smučarski skakalec
3019332,Smučarski skakalec
3021362,Kajakaš
3024402,Plesalec
3024402,Fotomodel
3031611,Atlet
3038431,Kolesar
3038660,Hokejist
3038660,Hokejski trener
3039202,Nogometaš
3041797,Esejist
3041797,Režiser
3041797,Gledališki režiser
3041797,Dramatik
3041797,Pisatelj
3044510,Smučarski skakalec
3048188,Košarkar
3048193,Hokejist
3048193,Hokejski trener
3056823,Hokejist
3056823,Hokejski trener
3056823,Nogometaš
3061255,Teolog
3061255,Kolumnist
3061255,Televizijski voditelj
3061255,Politik
3061293,Kajakaš
3070939,Filmski režiser
3070939,Pisatelj
3070939,Scenarist
3078852,Mladinski pisatelj
3078852,Prevajalec
3078852,Dramatik
3078852,Pesnik
3078852,Pisatelj
3080044,Skladatelj
3080513,Hokejist
3080757,Filmski režiser
3080757,Univerzitetni profesor
3080757,Scenarist
3091258,Pravnik
3091258,Politik
3091258,Odvetnik
3098105,Slavist
3098105,Jezikoslovec
3098105,Literarni zgodovinar
3098105,Univerzitetni profesor
3098105,Urednik
3098105,Etnolog
3107433,Alpski smučar
3110763,Orodni telovadec
3110828,Hokejist
3110828,Hokejski trener
3139008,Gorski kolesar
3139008,Kolesar
3148315,Nogometaš
3156327,Hokejist
3160608,Hokejist
3161770,Hokejist
3161938,Veslač
3176874,Hortikulturist
3176874,Botanik
3179153,Jadralec
3179164,Atlet
3186078,Pesnik
3186078,Skladatelj
3186078,Pisatelj
3187532,Grafik
3187532,Slikar
3187532,Ilustrator
3190166,Kajakaš
3190167,Pomorščak
3190167,Pisatelj
3190197,Hokejist
3195073,Hokejist
3197800,Hokejist
3211365,Atlet
3211770,Maratonec
3211770,Atlet
3211776,Plavalec
3217812,Glasbenik
3217812,Pevec
3217812,Skladatelj
3246961,Nogometaš
3246961,Nogometni trener
3266990,Košarkar
3266992,Hokejist
3280424,Plezalec
3280433,Jazz glasbenik
3280433,Pevec
3293920,Hokejist
3293920,Hokejski trener
3293920,Športni strokovni komentator
3293928,Umetnik
3293928,Arhitekt
3298399,Kolesar
3298483,Alpinist
3298483,Pilot
3298483,Fotograf
3299175,Hokejist
3299175,Hokejski trener
3304550,Model
3304550,Pevec
3306631,Violinist
3313052,Raziskovalec
3313052,Alpinist
3313052,Biolog
3313990,Veslač
3314696,Plezalec
3317117,Odbojkar
3328029,Hokejist
3328029,Hokejski trener
3333537,Redovnik
3333537,Duhovnik
3333537,Pisatelj
3338766,Jezikoslovec
3338766,Hetitolog
3341940,Kajakaš
3347416,Vohun
3347416,Sociolog
3347416,Politik
3347416,Odvetnik
3347416,Sodnik
3347423,Partizan
3347423,Pravnik
3347423,Politik
3347423,Odvetnik
3358752,Športni strelec
3364524,Rokometaš
3365220,Smučarski skakalec
3366414,Gradbeni inženir
3366414,Smučarski skakalec
3366414,Inženir
3366414,Arhitekt
3380003,Smučarski skakalec
3380061,Smučarski skakalec
3380075,Smučarski skakalec
3403280,Rokometaš
3403285,Kolesar
3435561,Atlet
3438411,Kipar
3441042,Partizan
3446388,Pesnik
3446388,Pisatelj
3446388,Igralec
3446399,Etnolog
3446399,Zgodovinar
3446399,Pesnik
3446399,Pisatelj
3451547,Televizijski igralec
3451547,Igralec
3461131,Veslač
3467366,Rokometaš
3471936,Košarkar
3474892,Veslač
3487630,Novinar
3487630,Tekstopisec
3487630,Glasbenik
3487630,Pevec
3487725,Politik
3487725,Sociolog
3487725,Novinar
3487725,Urednik
3487765,Politik
3487765,Odvetnik
3487765,Pisatelj
3487765,Sodnik
3487786,Ravnatelj
3487786,Politik
3487786,Učitelj
3487795,Politik
3487795,Zdravnik
3487959,Filozof
3487959,Sociolog
3487959,Novinar
3487959,Teolog
3487959,Duhovnik
3487959,Politik
3487959,Pisatelj
3488045,Duhovnik
3488045,Dramatik
3488045,Pisatelj
3489389,Partizan
3489389,Ekonomist
3489389,Politični komisar
3489389,Politik
3491326,Kemik
3491574,Novinar
3491574,Pisatelj
3499111,Jezikoslovec
3499111,Urednik
3499111,Prevajalec
3499111,Pesnik
3499111,Pisatelj
3499367,Jezikoslovec
3499367,Literarni zgodovinar
3499367,Esejist
3499367,Prevajalec
3499367,Pesnik
3499403,Tenisač
3499408,Slikar
3499408,Duhovnik
3499408,Izumitelj
3499408,Pesnik
3499408,Pisatelj
3499408,Fotograf
3499450,Karikaturist
3499450,Slikar
3499450,Ilustrator
3499450,Pisatelj
3499475,Jezikoslovec
3499475,Novinar
3499475,Prevajalec
3499475,Politik
3499475,Pesnik
3499475,Pisatelj
3499486,Kanuist
3499486,Umetnostni zgodovinar
3499486,Diplomat
3499494,Novinar
3499494,Glasbenik
3499494,Dramatik
3499494,Pesnik
3499494,Skladatelj
3499494,Pisatelj
3499501,Pisatelj znanstvene fantastike
3499501,Mladinski pisatelj
3499501,Psiholog
3499501,Pisatelj
3499657,Zgodovinar
3503544,Pravnik
3503544,Politik
3503544,Odvetnik
3503544,Sodnik
3503549,Publicist
3503549,Esejist
3503549,Literat
3503549,Literarni kritik
3503549,Urednik
3503549,Dramatik
3503549,Partizan
3503549,Politik
3503549,Pisatelj
3503598,Univerzitetni profesor
3503598,Ekonomist
3503598,Pravnik
3503598,Politik
3503598,Odvetnik
3503611,Diplomat
3503611,Politik
3503611,Sociolog
3503904,Partizan
3503904,Politični komisar
3503904,Politik
3504069,Pravnik
3504069,Politični komisar
3504069,Politik
3505192,Šprinter
3513069,Skladatelj
3513259,Mladinski pisatelj
3513259,Novinar
3513259,Pisatelj
3513280,Partizan
3513280,Skladatelj
3513280,Pisatelj
3529139,Udeleženec lepotnih tekmovanj
3529139,Model
3531587,Hokejist
3531587,Hokejski trener
3552512,Kajakaš
3555213,Glasbenik
3555213,Prevajalec
3555213,Pevec
3555213,Pesnik
3555213,Pisatelj
3559976,Scenarist
3559976,Režiser
3559976,Filmski režiser
3559976,Skladatelj
3559976,Igralec
3576328,Hokejist
3576328,Hokejski trener
3576328,Športni strokovni komentator
3594301,Nogometaš
3601119,Slikar
3609484,Nogometaš
3610904,Nogometaš
3610908,Nogometaš
3610910,Nogometaš
3611385,Zdravnik
3611871,Nogometaš
3612407,Nogometaš
3612458,Teolog
3612458,Redovnik
3612458,Duhovnik
3612458,Psiholog
3612875,Košarkar
3614365,Nogometaš
3614365,Športni agent
3614849,Alpski smučar
3616220,Košarkarski trener
3616220,Košarkar
3616587,Nogometaš
3617591,Igralec
3619524,Nogometaš
3622163,Jezikoslovec
3622163,Prevajalec
3622163,Pesnik
3622163,Pisatelj
3623371,Slavist
3623371,Jezikoslovec
3640894,Harmonikar
3640894,Glasbenik
3640894,Skladatelj
3642611,Košarkarski trener
3642611,Košarkar
3643776,Nogometni trener
3643776,Nogometaš
3643898,Režiser
3643898,Gledališki režiser
3643898,Dramaturg
3643898,Dramatik
3643898,Zgodovinar
3643898,Pisatelj
3678133,Diplomat
3699812,Košarkar
3701301,Nogometaš
3702759,Filmski kritik
3702759,Sociolog
3702759,Politik
3703120,Nogometaš
3704829,Nogometaš
3704829,Nogometni trener
3704833,Nogometaš
3705454,Nogometaš
3710554,Urednik
3710554,Matematik
3715115,Muzikolog
3715115,Skladatelj
3715784,Košarkar
3716760,Esejist
3716760,Alpinist
3716760,Novinar
3716760,Pisatelj
3716763,Nogometaš
3716763,Nogometni trener
3717053,Nogometaš
3720013,Operni pevec
3720013,Pevec
3724223,Plavalec
3725211,Nogometaš
3731697,Nogometaš
3739767,Politik
3742788,Pesnik
3742788,Pisatelj
3742788,Scenarist
3749279,Vojaška osebnost
3773445,Nogometaš
3776473,Nogometaš
3792439,Atlet
3804689,Založnik
3804689,Novinar
3804689,Urednik
3804689,Politik
3806219,Košarkar
3809139,Tenisač
3810362,Mladinski pisatelj
3810362,Urednik
3810362,Dramatik
3810362,Učitelj
3810362,Pisatelj
3811380,Košarkar
3812958,Teolog
3812958,Redovnik
3812958,Pesnik
3813876,Agronom
3813876,Urednik
3813876,Pisatelj
3815836,Odbojkar
3843583,Košarkar
3849400,Košarkar
3849635,Jezikoslovec
3849635,Esejist
3849635,Prevajalec
3849635,Pesnik
3849635,Pisatelj
3849642,Nogometaš
3851851,Nogometaš
3851898,Nogometaš
3851901,Filmski režiser
3851901,Scenarist
3857304,Nogometaš
3857305,Košarkar
3857851,Atlet
3857851,Slikar
3857937,Geograf
3857937,Zgodovinar
3858776,Snemalec
3858776,Fotograf
3874545,Nogometaš
3878112,Kanuist
3878112,Strojni inženir
3891870,Tekmovalec v bobu
3891870,Atlet
3897779,Nogometaš
3898338,Etnomuzikolog
3898338,Slavist
3898338,Muzikolog
3898338,Jezikoslovec
3898338,Skladatelj
3907662,Košarkar
3914976,Kanuist
3914976,Agronom
3916403,Tenisač
3925174,Alpinist
3925174,Pisatelj
3946509,Nogometaš
3948120,Košarkar
3962737,Košarkar
3976459,Nogometaš
3976459,Nogometni trener
3991497,Nogometaš
3997401,Kemik
4015884,Nogometaš
4015884,Nogometni trener
4016064,Arhitekt
4022080,Jezikoslovec
4022080,Urednik
4022080,Prevajalec
4022080,Pesnik
4022080,Pisatelj
4024808,Nogometaš
4067213,Telovadec
4067213,Orodni telovadec
4069220,Nogometaš
4116804,Flavtist
4116804,Glasbenik
4118853,Motociklist
4127236,Vohun
4127236,Partizan
4164381,Filozof
4164381,Psihoanalitik
4171162,Kantavtor
4171162,Skladatelj
4171162,Igralec
4180489,Nogometaš
4194038,Pevec
4219729,Esejist
4219729,Literat
4219729,Novinar
4219729,Dramatik
4219729,Pesnik
4219729,Pisatelj
4231808,Smučarski skakalec
4251404,Slikar
4252387,Mladinski pisatelj
4252387,Prevajalec
4252387,Dramatik
4252387,Pesnik
4252387,Pisatelj
4252387,Igralec
4274517,Dialektolog
4274517,Jezikoslovec
4283422,Mladinski pisatelj
4283422,Urednik
4283422,Prevajalec
4283422,Dramatik
4283422,Pesnik
4283422,Pisatelj
4305233,Jezikoslovec
4305233,Filozof
4305233,Sociolog
4305233,Novinar
4305233,Prevajalec
4309430,Dramaturg
4309430,Prevajalec
4309430,Dramatik
4309430,Esejist
4309430,Mladinski pisatelj
4309430,Urednik
4309430,Pesnik
4355186,Operni pevec
4355186,Pevec
4355190,Atlet
4362099,Nogometaš
4372980,Telovadec
4384835,Glasbenik
4384835,Pevec
4401157,Antropolog
4401157,Arheolog
4401157,Geograf
4401157,Zgodovinar
4423164,Televizijski voditelj
4423164,Komik
4423164,Igralec
4425639,Esejist
4425639,Mladinski pisatelj
4425639,Novinar
4425639,Pesnik
4425639,Pisatelj
4438434,Filmski režiser
4442392,Slikar
4442392,Restavrator
4454564,Smučarski skakalec
4460833,Slavist
4460833,Jezikoslovec
4518395,Jezikoslovec
4518395,Esejist
4518395,Filozof
4518395,Urednik
4518395,Prevajalec
4518395,Pesnik
4521873,Šahist
4527507,Akademski glasbenik
4527507,Čelist
4559570,Slikar
4559570,Ilustrator
4576873,Atlet
4657024,Zoolog
4657024,Pisatelj
4682119,Nogometaš
4682622,Mladinski pisatelj
4682622,Tekstopisec
4682622,Kantavtor
4682622,Pevec
4682622,Pesnik
4682622,Skladatelj
4712377,Vojaška osebnost
4712384,Prevajalec
4712384,Politik
4712384,Publicist
4712384,Jezikoslovec
4712384,Založnik
4712384,Novinar
4712396,Kajakaš
4714950,Filmski režiser
4714950,Skladatelj
4714953,Agronom
4714953,Pisatelj
4715003,Motociklist
4715005,Literarni zgodovinar
4715005,Novinar
4715005,Urednik
4715005,Dramaturg
4715005,Politik
4715005,Pisatelj
4716096,Režiser
4716096,Gledališki režiser
4716096,Novinar
4716096,Dramaturg
4716096,Igralec
4716102,Košarkar
4716155,Publicist
4716155,Lutkar
4716155,Slikar
4716155,Partizan
4716156,Jezikoslovec
4716156,Novinar
4716156,Prevajalec
4716156,Zgodovinar
4716156,Pisatelj
4716159,Slikar
4716159,Ilustrator
4721582,Jezikoslovec
4721582,Literarni zgodovinar
4721582,Kritik
4721582,Literarni kritik
4721582,Novinar
4721582,Prevajalec
4721582,Pisatelj
4721595,Filozof
4721595,Sociolog
4721595,Teolog
4721595,Duhovnik
4721598,Politik
4721598,Poslovnež
4721598,Odvetnik
4721606,Jezikoslovec
4721606,Urednik
4721606,Prevajalec
4721606,Pisatelj
4725613,Televizijski igralec
4725613,Igralec
4727604,Glasbenik
4733829,Nogometaš
4734275,Urednik
4734275,Prevajalec
4734275,Skladatelj
4734278,Skladatelj
4734280,Esejist
4734280,Mikrobiolog
4734280,Urednik
4734280,Pesnik
4734280,Zdravnik
4734280,Pisatelj
4734283,Novinar
4734283,Urednik
4734283,Duhovnik
4734283,Zgodovinar
4734283,Diplomat
4734283,Politik
4738574,Pevec
4742449,Nogometaš
4750364,Rokometaš
4750386,Alpski smučar
4750386,Športni strokovni komentator
4754719,Nogometaš
4755589,Matematik
4755589,Astrolog
4755589,Zdravnik
4755589,Astronom
4756029,Diplomat
4756029,Politik
4756038,Jezikoslovec
4756038,Prevajalec
4756038,Pisatelj
4756045,Režiser
4756045,Filmski režiser
4756045,Dramaturg
4756045,Dramatik
4756045,Pisatelj
4756051,Rokometaš
4756052,Alpski smučar
4756060,Jezikoslovec
4756060,Esejist
4756060,Urednik
4756060,Kustos
4756060,Prevajalec
4756060,Pesnik
4756063,Nogometaš
4756066,Nogometaš
4756066,Nogometni trener
4756073,Filmski režiser
4756074,Slikar
4756074,Ilustrator
4756074,Pevec
4756074,Pesnik
4756074,Pisatelj
4756075,Hokejist
4756075,Hokejski trener
4756078,Biolog
4756079,Fizik
4756079,Astronom
4756084,Alpski smučar
4764490,Pesnik
4764490,Učitelj
4764490,Pisatelj
4765700,Nogometaš
4765709,Atlet
4765711,Alpski smučar
4765714,Mladinski pisatelj
4765714,Pesnik
4765714,Pisatelj
4771098,Slikar
4771098,Psiholog
4775702,Plavalec
4775703,Slikar
4775764,Filozof
4775764,Univerzitetni profesor
4775764,Pedagog
4775764,Politik
4775908,Elektroinženir
4775953,Fizik
4775957,Pravnik
4775957,Politik
4775959,Jezikoslovec
4775959,Esejist
4775959,Prevajalec
4775959,Pesnik
4775959,Pisatelj
4775969,Paleontolog
4775969,Geolog
4775969,Pisatelj
4776021,Teolog
4776021,Avtor
4776021,Prevajalec
4776021,Duhovnik
4776021,Profesor
4776041,Filozof
4776041,Antropolog
4776041,Teolog
4776041,Psiholog
4776060,Esejist
4776060,Literarni kritik
4776060,Umetnostni zgodovinar
4776060,Pesnik
4776060,Pisatelj
4777963,Matematik
4778533,Ilustrator
4809738,Urednik
4809738,Prevajalec
4809738,Pisatelj
4828448,Pisatelj
4828449,Fotograf
4829449,Biokemik
4858777,Alpski smučar
4860319,Atlet
4863571,Režiser
4863571,Filmski režiser
4863571,Novinar
4863571,Pesnik
4863571,Pisatelj
4881620,Nogometaš
4889209,Kanuist
4889546,Novinar
4889546,Fotograf
4895406,Mladinski pisatelj
4895406,Lutkar
4895406,Pesnik
4895406,Pisatelj
4895406,Igralec
4895409,Mladinski pisatelj
4895409,Pesnik
4895409,Učitelj
4895409,Pisatelj
4895409,Knjižničar
4895413,Radiolog
4895413,Onkolog
4895413,Zdravnik
4896138,Jezikoslovec
4896138,Esejist
4896138,Prevajalec
4896138,Pisatelj
4913811,Mladinski pisatelj
4913811,Gledališki režiser
4913811,Prevajalec
4913811,Pisatelj
4925675,Nogometaš
4925677,Ekonomist
4925677,Politik
4925677,Poslovnež
4925679,Alpski smučar
4925682,Hokejski sodnik
4925682,Hokejist
4925683,Plavalec
4934560,Nogometaš
4937682,Zgodovinar
4937702,Vojaški zdravnik
4937702,Partizan
4937702,Psihiater
4937702,Pisatelj
4937838,Zgodovinar
4937838,Diplomat
4937838,Pravnik
4937838,Politik
4937838,Odvetnik
4938534,Internist
4938534,Zdravnik
4938567,Strojni inženir
4938567,Inženir
4938593,Veslač
4938598,Hokejist
4938599,Kanuist
4938612,Plavalec
4945236,Rokometaš
4945322,Esejist
4945322,Sociolog
4945322,Zgodovinar
4945579,Računalnikar
4946837,Kanuist
4946840,Tenisač
4952978,Geograf
4952978,Fotograf
4952980,Atlet
4952984,Športni strelec
4952985,Hornist
4952986,Pravnik
4952986,Odvetnik
4952986,Sodnik
4952988,Kanuist
4953061,Jezikoslovec
4953061,Filozof
4953061,Sociolog
4953061,Urednik
4953061,Prevajalec
4953063,Grafik
4953063,Slikar
4953063,Grafični oblikovalec
4953063,Partizan
4953063,Politik
4953063,Fotograf
4953089,Karikaturist
4953089,Urednik
4953089,Stripar
4953089,Ilustrator
4953089,Fizik
4953089,Pisatelj
4957461,Urednik
4957461,Prevajalec
4957461,Pisatelj
4960103,Atlet
4960105,Mladinski pisatelj
4960105,Pisatelj
4960130,Kritik
4960130,Filozof
4960130,Pisatelj
4961451,Atlet
4969128,Pianist
4969128,Pevec
4969128,Skladatelj
5038599,Rokometaš
5104036,Publicist
5104036,Mladinski pisatelj
5104036,Dramatik
5104036,Pesnik
5104036,Učitelj
5104036,Pisatelj
5105304,Alpinist
5105304,Elektroinženir
5105304,Partizan
5105304,Izumitelj
5105304,Inženir
5105304,Pisatelj
5121899,Prevajalec
5121899,Pesnik
5121899,Učitelj
5121899,Esejist
5121899,Ravnatelj
5121901,Glasbeni učitelj
5121901,Esejist
5121901,Partizan
5121901,Dirigent
5121901,Skladatelj
5121901,Pisatelj
5121902,Alpski smučar
5122359,Slikar
5122359,Ilustrator
5122359,Partizan
5197145,Muzikolog
5197145,Mladinski pisatelj
5197145,Ilustrator
5197145,Pisatelj
5197146,Operni pevec
5197146,Pevec
5212543,Slikar
5212543,Ilustrator
5212546,Jezikoslovec
5212546,Prevajalec
5212546,Pisatelj
5212546,Scenarist
5212573,Nogometaš
5212651,Nogometaš
5212653,Filmski režiser
5212653,Scenarist
5212655,Nogometaš
5216285,Politolog
5219531,Lutkar
5219531,Grafik
5219531,Slikar
5219531,Ilustrator
5219531,Pisatelj
5219647,Atlet
5222757,Dirigent
5222757,Skladatelj
5223053,Umetnostni drsalec
5223064,Plavalec
5223064,Politik
5223731,Nogometaš
5223745,Nogometaš
5223745,Nogometni trener
5232903,Košarkarski trener
5242096,Veslač
5242104,Oblikovalec
5242104,Arhitekt
5242106,Pisatelj
5242106,Etimolog
5242106,Jezikoslovec
5242106,Teolog
5242106,Duhovnik
5242106,Zgodovinar
5242106,Učitelj
5242495,Politik
5242495,Igralec
5242758,Politik
5242758,Zdravnik
5242758,Pisatelj
5243720,Jezikoslovec
5243720,Esejist
5243720,Urednik
5243720,Prevajalec
5243720,Pesnik
5243720,Pisatelj
5243748,Umetnostni drsalec
5248571,Jezikoslovec
5248571,Kritik
5248571,Literarni kritik
5248571,Urednik
5248571,Prevajalec
5248571,Pesnik
5252650,Violinist
5252651,Hokejist
5252654,Nogometaš
5252688,Glasbeni učitelj
5252688,Saksofonist
5252688,Politik
5252697,Kanuist
5252701,Nogometaš
5252703,Nogometaš
5257308,Hokejist
5257606,Motociklist
5264651,Glasbeni učitelj
5264651,Mladinski pisatelj
5264651,Pesnik
5264651,Skladatelj
5264651,Pisatelj
5274861,Gledališki režiser
5277125,Mladinski pisatelj
5277125,Dramatik
5277125,Pravnik
5277125,Pisatelj
5278552,Nogometaš
5290041,Sankač
5290334,Hokejist
5290958,Nogometaš
5290990,Dramaturg
5290990,Dramatik
5290990,Pisatelj
5304833,Jezikoslovec
5304833,Režiser
5304833,Filmski režiser
5304833,Gledališki igralec
5304833,Prevajalec
5304833,Igralec
5304925,Gledališki režiser
5304990,Hokejist
5304993,Kemik
5304993,Inženir
5305490,Novinar
5305490,Urednik
5305490,Zgodovinar
5305490,Politik
5317703,Glasbeni učitelj
5317703,Skladatelj
5317742,Literarni zgodovinar
5317742,Filozof
5317742,Literarni kritik
5317742,Urednik
5317742,Prevajalec
5317746,Matematik
5317755,Kanuist
5317761,Besedilopisec
5317761,Tekstopisec
5317765,Jezikoslovec
5317765,Mladinski pisatelj
5317765,Urednik
5317765,Prevajalec
5317765,Pisatelj
5323249,Judoist
5335014,Hokejist
5338099,Nogometaš
5338099,Nogometni trener
5340138,Sabljač
5341369,Filozof
5341369,Teolog
5341369,Redovnik
5341369,Pisatelj
5348222,Matematik
5348222,Računalnikar
5350267,Režiser
5350267,Lutkar
5350267,Filmski režiser
5350267,Slikar
5350267,Ilustrator
5350267,Glasbeni producent
5350267,Pisatelj
5353084,Muzikolog
5353084,Orgle
5353084,Knjižničar
5353084,Skladatelj
5359261,Glasbeni učitelj
5359261,Čelist
5371208,Literarni zgodovinar
5371208,Urednik
5371208,Zgodovinar
5371230,Režiser
5371230,Pesnik
5371230,Pisatelj
5371230,Igralec
5377242,Nogometaš
5389029,Jezikoslovec
5389029,Prevajalec
5389029,Pesnik
5389029,Pisatelj
5393686,Častnik
5396033,Jezikoslovec
5396033,Dramaturg
5396033,Prevajalec
5396033,Dramatik
5396033,Pesnik
5402463,Bibliograf
5402463,Filozof
5402463,Pravnik
5402463,Politik
5402463,Odvetnik
5402463,Pisatelj
5402466,Novinar
5402466,Dramatik
5402466,Politik
5402466,Pisatelj
5418216,Atlet
5441102,Kajakaš
5441102,Kanuist
5441835,Teolog
5441835,Duhovnik
5443957,Literat
5443957,Mladinski pisatelj
5443957,Urednik
5443957,Partizan
5443957,Pisatelj
5448513,Filmski režiser
5448513,Scenarist
5478131,Učitelj
5478131,Pisatelj
5478142,Pevec
5478142,Skladatelj
5478207,Zgodovinar
5478214,Nogometaš
5478219,Latinist
5478219,Jezikoslovec
5478219,Teolog
5478219,Redovnik
5478219,Matematik
5478219,Duhovnik
5478219,Astronom
5478230,Univerzitetni profesor
5478230,Matematik
5478237,Izumitelj
5478237,Podjetnik
5478237,Poslovnež
5478238,Kanuist
5478280,Mladinski pisatelj
5478280,Sociolog
5478280,Novinar
5478280,Pesnik
5478280,Učitelj
5478280,Pisatelj
5478293,Jezikoslovec
5478293,Literarni zgodovinar
5478293,Urednik
5478293,Prevajalec
5478293,Gledališki kritik
5478300,Matematik
5478300,Pisatelj
5478307,Grafik
5478307,Slikar
5478307,Ilustrator
5478307,Pisatelj
5478309,Kartograf
5478309,Geograf
5478309,Biolog
5478309,Učitelj
5478309,Pisatelj
5478312,Izumitelj
5478312,Inženir
5478314,Jezikoslovec
5478314,Esejist
5478314,Kritik
5478314,Literarni kritik
5478314,Prevajalec
5478314,Pesnik
5479793,Filmski producent
5479793,Filmski režiser
5479793,Predavatelj
5479793,Glasbeni producent
5479793,Politik
5479793,Scenarist
5482898,Sadjar
5482898,Teolog
5482898,Duhovnik
5482898,Misijonar
5482898,Pesnik
5484742,Sociolog
5484742,Prevajalec
5484752,Satirik
5484752,Mladinski pisatelj
5484752,Režiser
5484752,Tekstopisec
5484752,Komik
5484752,Pevec
5484752,Pesnik
5484752,Pisatelj
5484752,Igralec
5484801,Pesnik
5484801,Vojaška osebnost
5486915,Inženir
5529295,Rokometaš
5578986,Novinar
5578986,Veterinar
5578986,Politik
5578986,Zdravnik
5578986,Pisatelj
5584546,Jezikoslovec
5584546,Filolog
5584546,Filozof
5584546,Prevajalec
5584546,Pesnik
5585186,Računalnikar
5585186,Inženir
5606683,Tekstopisec
5606683,Dramatik
5606683,Pesnik
5606684,Kanuist
5606686,Sociolog
5606686,Glasbenik
5606686,Politik
5606698,Alpski smučar
5739784,Slikar
5787257,Gradbeni inženir
5787257,Politik
5787257,Poslovnež
5815191,Filozof
5815191,Sociolog
5921853,Grafik
5921853,Kipar
5921853,Slikar
5921853,Ilustrator
5967960,Judoist
5991206,Slavist
5991206,Pisatelj
5992778,Škof
5992778,Duhovnik
5992778,Misijonar
5993479,Plavalec
5993630,Gledališki režiser
5993630,Filmski režiser
5993771,Dramatik
5993771,Pesnik
5993771,Pisatelj
5993798,Glasbeni promotor
5993798,Novinar
5993798,Borec za človekove pravice
5993798,Glasbeni producent
5993798,Skladatelj
5993851,Esejist
5993851,Literarni kritik
5993851,Umetnostni zgodovinar
5993851,Prevajalec
6068789,Slikar
6068789,Pisatelj
6068885,Jezikoslovec
6068885,Esejist
6068885,Kritik
6068885,Prevajalec
6068885,Pesnik
6068885,Pisatelj
6085047,Nogometaš
6095778,Sociolog
6095778,Novinar
6095778,Urednik
6095778,Teolog
6095778,Duhovnik
6095778,Politik
6095976,Partizan
6095976,Pisatelj
6096320,Jezikoslovec
6096320,Literarni zgodovinar
6096709,Izumitelj
6096709,Politik
6096709,Inženir
6096709,Pisatelj
6097001,Jezikoslovec
6097001,Urednik
6097001,Prevajalec
6097001,Pesnik
6097251,Pisatelj
6097251,Novinar
6097251,Urednik
6097251,Dramatik
6097421,Tovarnar
6097421,Trgovec
6097772,Arhitekt
6097909,Hokejist
6098624,Grafik
6098624,Slikar
6098624,Ilustrator
6098624,Pisatelj
6099029,Sabljač
6099055,Esejist
6099055,Kritik
6099055,Literarni kritik
6099055,Pesnik
6099055,Pisatelj
6099147,Oboist
6099147,Skladatelj
6099204,Esejist
6099204,Prevajalec
6099204,Dramatik
6099204,Pesnik
6099204,Pisatelj
6099216,Filozof
6099216,Prevajalec
6099241,Novinar
6099241,Urednik
6099241,Partizan
6099241,Učitelj
6099241,Pisatelj
6101565,Motociklist
6102149,Ornitolog
6102149,Pravnik
6102149,Pesnik
6102149,Pisatelj
6118610,Filozof
6118610,Sociolog
6118610,Univerzitetni profesor
6118610,Pisatelj
6124430,Pesnik
6125228,Teolog
6125228,Duhovnik
6125228,Pisatelj
6149660,Nogometaš
6150578,Sinolog
6153730,Nogometaš
6153732,Filmski igralec
6153732,Gledališki igralec
6153732,Igralec
6153734,Kanuist
6153738,Glasbeni učitelj
6153738,Zborovodja
6153738,Dirigent
6153738,Skladatelj
6153742,Filmski režiser
6153744,Kitarist
6153744,Tekstopisec
6153744,Kantavtor
6153744,Pevec
6153744,Pesnik
6153744,Skladatelj
6153756,Vojak
6153756,Novinar
6153756,Urednik
6153756,Zgodovinar
6153756,Pravnik
6153756,Pisatelj
6153762,Kirurg
6153762,Zdravnik
6153774,Nabožni pisatelj
6153774,Urednik
6153774,Duhovnik
6153774,Pisatelj
6153778,Pravnik
6153778,Politik
6153778,Sodnik
6153790,Glasbeni učitelj
6153790,Pianist
6153790,Skladatelj
6153800,Jezikoslovec
6153800,Prevajalec
6153800,Pesnik
6153800,Scenarist
6153801,Jezikoslovec
6153809,Alpski smučar
6153815,Pesnik
6153823,Jezikoslovec
6153823,Novinar
6153823,Prevajalec
6153823,Pisatelj
6153828,Urednik
6153828,Slikar
6153828,Ilustrator
6153828,Učitelj
6153828,Pisatelj
6153842,Alpinist
6153842,Kipar
6154156,Jazz glasbenik
6154156,Dirigent
6154156,Skladatelj
6154156,Glasbeni učitelj
6154842,Literarni zgodovinar
6154842,Literarni kritik
6154842,Urednik
6154855,Partizan
6161726,Badmintonist
6172648,Pesnik
6172648,Jezikoslovec
6172648,Prevajalec
6176776,Filozof
6176776,Politolog
6176776,Prevajalec
6176814,Slikar
6176814,Stripar
6176814,Ilustrator
6176816,Mladinski pisatelj
6176816,Ilustrator
6176816,Pisatelj
6182417,Kajakaš
6182417,Kanuist
6182433,Kajakaš
6182433,Kanuist
6182435,Atlet
6250706,Motociklist
6261966,Škof
6261966,Duhovnik
6272325,Radijski voditelj
6272325,Novinar
6272325,Televizijski voditelj
6272325,Glasbenik
6272325,Igralec
6279912,Literarni zgodovinar
6279912,Botanik
6279912,Biolog
6279912,Zgodovinar
6290870,Urednik
6290870,Matematik
6290897,Kanuist
6290937,Pravnik
6290937,Politik
6290950,Filozof
6290950,Škof
6290950,Duhovnik
6297802,Dramatik
6297802,Pesnik
6298581,Nogometaš
6298584,Atlet
6298590,Trener alpskega smučanja
6298590,Alpski smučar
6298592,Alpski smučar
6298601,Novinar
6298601,Urednik
6298601,Dramatik
6298601,Učitelj
6298601,Pisatelj
6298605,Jazz glasbenik
6298605,Aranžer
6298605,Pianist
6298605,Dirigent
6298605,Skladatelj
6298607,Kanuist
6298611,Redovnik
6298611,Duhovnik
6301117,Športni strokovni komentator
6301117,Operni pevec
6301117,Novinar
6315008,Rokometaš
6315011,Televizijski voditelj
6315011,Pianist
6315011,Komik
6315011,Skladatelj
6315011,Pisatelj
6315011,Igralec
6315016,Šansonjer
6315016,Televizijski igralec
6315016,Pianist
6315016,Skladatelj
6315016,Igralec
6315163,Montažer
6315163,Fotograf
6321064,Novinar
6321064,Pesnik
6321107,Politik
6321107,Računalnikar
6358043,Pisatelj
6358043,Slikar
6358043,Ilustrator
6369316,Trener smučarskih skokov
6369316,Smučarski skakalec
6369331,Pravnik
6369331,Politik
6369331,Odvetnik
6372531,Jadralec
6372531,Pesnik
6372745,Šahist
6373036,Odvetnik
6373036,Scenarist
6373036,Režiser
6373036,Filmski režiser
6373315,Režiser
6373315,Filmski režiser
6373315,Direktor fotografije
6375163,Filozof
6375165,Pisatelj
6377663,Slavist
6377663,Jezikoslovec
6377663,Novinar
6377663,Prevajalec
6377663,Pesnik
6377663,Učitelj
6377663,Pisatelj
6383312,Smučarski skakalec
6420446,Alpski smučar
6420450,Reper
6420456,Košarkar
6420477,Esejist
6420477,Alpinist
6420477,Filozof
6420477,Pisatelj
6433557,Stripar
6433557,Ilustrator
6433557,Grafični oblikovalec
6433557,Pisatelj
6433557,Slikar
6440769,Nogometaš
6469686,Diplomat
6469779,Literarni zgodovinar
6469779,Kritik
6469779,Literarni kritik
6469779,Umetniški direktor
6470851,Filmski igralec
6470851,Gledališki igralec
6470851,Igralec
6481872,Nogometaš
6502816,Plavalec
6520687,Pisatelj
6523085,Filmski igralec
6523085,Model
6523085,Gledališki igralec
6527063,Učitelj
6527063,Pisatelj
6527063,Mladinski pisatelj
6543691,Slikar
6543691,Ilustrator
6547486,Mladinski pisatelj
6547486,Ilustrator
6547486,Arhitekt
6547486,Pisatelj
6591775,Zobni tehnik
6594028,Redovnik
6594028,Škof
6594028,Duhovnik
6660962,Partizan
6660962,Ekonomist
6660962,Politik
6668477,Literarni zgodovinar
6668477,Esejist
6668477,Kritik
6668477,Urednik
6668477,Prevajalec
6668477,Pesnik
6668477,Pisatelj
6668480,Grafik
6668480,Slikar
6668481,Harmonikar
6668481,Glasbenik
6668481,Skladatelj
6668485,Novinar
6668485,Partizan
6668485,Zgodovinar
6668485,Pravnik
6668485,Odvetnik
6692693,Pisatelj
6692693,Pravnik
6692693,Politik
6692693,Pesnik
6692693,Odvetnik
6695785,Leksikograf
6695785,Kritik
6695785,Umetnostni zgodovinar
6695785,Pisatelj
6697198,Nogometaš
6699134,Diplomat
6699134,Politik
6699134,Poslovnež
6699134,Odvetnik
6701595,Kanuist
6701619,Založnik
6701619,Televizijski voditelj
6701619,Prevajalec
6701619,Politik
6701619,Pisatelj
6701642,Jezikoslovec
6701642,Pravnik
6701642,Politik
6701642,Pesnik
6701642,Odvetnik
6701642,Pisatelj
6701646,Hokejist
6737372,Pesnik
6737372,Pisatelj
6737458,Mladinski pisatelj
6737458,Učitelj
6737458,Pisatelj
6740102,Športni strokovni komentator
6740102,Motociklist
6740267,Slikar
6740267,Ilustrator
6740267,Pisatelj
6747195,Ritmični gimnastičar
6750320,Nogometaš
6750322,Nogometaš
6757880,Smučarski tekač
6757880,Umetnik
6763312,Slikar
6763312,Ilustrator
6763312,Pisatelj
6763317,Antropolog
6763317,Etnolog
6763317,Pisatelj
6763318,Slikar
6763318,Ilustrator
6763351,Pisatelj
6763351,Astronom
6763733,Pomorski kajakaš
6763733,Veslač
6766159,Karikaturist
6766159,Ilustrator
6766159,Arhitekt
6766159,Pisatelj
6766165,Karikaturist
6766165,Stripar
6766165,Ilustrator
6766165,Animator
6766165,Pisatelj
6766168,Sabljač
6766172,Jezikoslovec
6766172,Novinar
6766172,Prevajalec
6766172,Pesnik
6766185,Ilustrator
6766185,Pisatelj
6771124,Rokometaš
6771133,Nogometaš
6771137,Kirurg
6771137,Izumitelj
6771137,Plastični kirurg
6771155,Šahovski problemist
6771155,Učitelj
6771169,Alpinist
6771203,Slikar
6771203,Fotograf
6771221,Rokometaš
6771232,Matematik
6771245,Atlet
6771271,Tenisač
6774959,Redovnik
6774959,Duhovnik
6774959,Zgodovinar
6776190,Nogometaš
6776409,Nogometaš
6786333,Prevajalec
6786333,Pisatelj
6786388,Umetnik
6786390,Rokometaš
6786414,Veslač
6786419,Nogometaš
6786420,Triatlonec
6786715,Rokometaš
6786717,Literarni zgodovinar
6786717,Esejist
6786717,Literat
6787462,Slikar
6787467,Metalec kopja
6787467,Atlet
6787474,Duhovnik
6787474,Politik
6787474,Pisatelj
6787629,Plavalec
6787634,Plavalec
6787635,Slikar
6787635,Ilustrator
6787635,Učitelj
6787638,Jezikoslovec
6787638,Novinar
6787638,Prevajalec
6787638,Diplomat
6787638,Politik
6812930,Grafik
6812930,Slikar
6812930,Ilustrator
6812930,Pisatelj
6822300,Esejist
6822300,Pesnik
6822300,Pisatelj
6822309,Plesalec
6824164,Plavalec
6824191,Kanuist
6827180,Jazz glasbenik
6827180,Pevec
6844980,Urednik
6844980,Diplomat
6844980,Pravnik
6844980,Politik
6844980,Odvetnik
6844985,Mikrobiolog
6844985,Prevajalec
6844985,Zdravnik
6844985,Pisatelj
6844987,Pisatelj znanstvene fantastike
6844987,Novinar
6844987,Dramatik
6844987,Pesnik
6844987,Pisatelj
6844988,Nogometaš
6844992,Veslač
6844996,Politik
6845008,Nogometaš
6845211,Psiholog
6845211,Politik
6845366,Duhovnik
6850008,Umetnostni zgodovinar
6850008,Pesnik
6850494,Partizan
6850494,Častnik
6850494,Politik
6850494,Skladatelj
6850497,Nogometaš
6850658,Veterinar
6850658,Politik
6850722,Kanuist
6851250,Literarni zgodovinar
6851250,Politik
6857925,Politik
6860476,Strojni inženir
6860476,Poslovnež
6860635,Novinar
6860635,Dramatik
6860635,Pesnik
6860635,Pisatelj
6872763,Literarni zgodovinar
6872763,Profesor
6872769,Alpski smučar
6872771,Nogometaš
6872771,Nogometni trener
6872837,Slikar
6872837,Umetnik
6873683,Novinar
6873683,Urednik
6873683,Prevajalec
6873683,Pisatelj
6873690,Publicist
6873690,Sabljač
6873690,Urednik
6873690,Partizan
6873690,Ekonomist
6873690,Pravnik
6873746,Atlet
6873822,Kegljač
6873983,Pesnik
6873983,Pisatelj
6874120,Biolog
6874120,Pisatelj
6881793,Sinolog
6885327,Novinar
6885327,Televizijski voditelj
6895026,Alpski smučar
6895030,Mladinski pisatelj
6895030,Slikar
6895030,Ilustrator
6895030,Pisatelj
6895055,Plavalec
6899845,Pevec
6943241,Hokejist
6957082,Plavalec
6957390,Kajakaš
6957390,Kanuist
6959430,Veslač
6959430,Plavalec
6960157,Veslač
6960179,Veslač
6960377,Matematik
6960377,Računalnikar
6960456,Atlet
6960645,Novinar
6960645,Stripar
6960645,Ilustrator
6960645,Animator
6960669,Jezikoslovec
6960669,Esejist
6960669,Prevajalec
6960669,Pisatelj
6960751,Mladinski pisatelj
6960751,Dramatik
6960751,Pesnik
6960751,Pisatelj
6961002,Nogometaš
6961248,Plavalec
6961472,Novinar
6961472,Urednik
6962409,Veslač
6962433,Atlet
6967718,Tenisač
6968536,Plavalec
6968538,Smučarski tekač
6968538,Športnik
6985367,Tekstopisec
6985367,Kantavtor
6985367,Pevec
6985367,Skladatelj
6989757,Nogometaš
6989970,Mladinski pisatelj
6989970,Pisatelj
7021704,Publicist
7021704,Slavist
7021704,Novinar
7021704,Urednik
7021704,Pesnik
7021704,Pisatelj
7034644,Nogometaš
7034657,Tenisač
7034687,Košarkar
7070333,Model
7070333,Televizijski voditelj
7086723,Atlet
7106909,Nogometaš
7106909,Nogometni trener
7106923,Oblikovalec
7108908,Alpski smučar
7111536,Nogometaš
7145603,Umetnostni drsalec
7154694,Prevajalec
7154694,Pesnik
7154694,Pisatelj
7155614,Literarni zgodovinar
7155614,Biolog
7155614,Matematik
7155614,Fizik
7155673,Alpinist
7155673,Geograf
7155673,Učitelj
7155673,Pisatelj
7155673,Astronom
7171754,Nogometaš
7172536,Kantavtor
7172536,Glasbeni producent
7172536,Pesnik
7172922,Športni funkcionar
7172922,Novinar
7172922,Dramatik
7172922,Politik
7172922,Pisatelj
7174438,Kanuist
7175238,Hokejist
7175273,Teolog
7175273,Pisatelj
7175333,Alpski smučar
7176017,Filmski igralec
7176017,Gledališki igralec
7176017,Igralec
7176329,Mecen
7176329,Čebelar
7176329,Duhovnik
7176329,Pisatelj
7176414,Televizijski voditelj
7176414,Zabavljivec
7176573,Pesnik
7176573,Pisatelj
7177507,Zgodovinar
7177974,Zgodovinar
7196383,Koreograf
7196383,Baletnik
7209226,Gledališki igralec
7209226,Pisatelj
7209226,Igralec
7225928,Mladinski pisatelj
7225928,Prevajalec
7225928,Pisatelj
7243653,Jezikoslovec
7243653,Računalnikar
7243653,Fotograf
7243658,Esejist
7243658,Dramatik
7243658,Pesnik
7243658,Pisatelj
7243658,Scenarist
7281498,Slavist
7281498,Jezikoslovec
7281498,Filolog
7281498,Etnolog
7281498,Zgodovinar
7282009,Leksikograf
7282009,Muzikolog
7282009,Kritik
7282009,Novinar
7282009,Urednik
7282009,Glasbeni kritik
7286274,Paleontolog
7286274,Geolog
7286274,Pisatelj
7286275,Bibliograf
7286275,Prevajalec
7286275,Pisatelj
7286275,Jezikoslovec
7286275,Filolog
7312918,Gledališki režiser
7312918,Filmski režiser
7346888,Industrijski oblikovalec
7346888,Avtomobilski oblikovalec
7348868,Nogometaš
7348868,Nogometni trener
7350626,Nogometaš
7351480,Alpski smučar
7351482,Plavalec
7359947,Glasbeni producent
7359947,Dirigent
7359947,Skladatelj
7362070,Atlet
7375523,Slikar
7375523,Ilustrator
7375523,Pisatelj
7376978,Slikar
7377282,Urednik
7377282,Dramatik
7377282,Pesnik
7377282,Učitelj
7377282,Pisatelj
7398588,Nogometaš
7398588,Nogometni trener
7409881,Esejist
7409881,Novinar
7409881,Urednik
7409881,Pesnik
7409881,Pisatelj
7416317,Nogometaš
7416317,Nogometni trener
7428256,Arhitekt
7429511,Filmski igralec
7429511,Gledališki igralec
7429511,Pevec
7429511,Politik
7429511,Igralec
7429515,Mladinski pisatelj
7429515,Knjižničar
7429515,Pesnik
7429515,Pisatelj
7429529,Kanuist
7442458,Prevajalec svetega pisma
7442458,Jezikoslovec
7442458,Teolog
7442458,Prevajalec
7442458,Duhovnik
7442458,Pisatelj
7442614,Pisatelj
7442707,Nogometaš
7454162,Zgodovinar
7454162,Odvetnik
7519003,Kanuist
7539402,Nogometaš
7539402,Nogometni trener
7539427,Urednik
7539427,Pianist
7539427,Glasbeni producent
7539427,Skladatelj
7539455,Založnik
7539455,Urednik
7539455,Pisatelj
7544774,Filmski igralec
7544774,Mladinski pisatelj
7544774,Slikar
7544774,Glasbenik
7544774,Dramatik
7544774,Pisatelj
7547708,Nogometaš
7561907,Novinar
7561907,Pisatelj
7578936,Esejist
7578936,Filozof
7578936,Sociolog
7578936,Kolumnist
7578936,Politik
7578936,Pisatelj
7585772,Antropolog
7585772,Arheolog
7585772,Paleontolog
7585772,Geolog
7597846,Hokejist
7599014,Nogometaš
7599014,Nogometni trener
7599082,Baletnik
7599368,Slovenist
7599368,Jezikoslovec
7599368,Kritik
7599368,Literarni kritik
7599368,Univerzitetni profesor
7599368,Urednik
7599368,Šolnik
7599368,Ilustrator
7599368,Pisatelj
7599638,Častnik
7618395,Nogometaš
7618395,Nogometni trener
7650696,Slikar
7650696,Ilustrator
7650696,Pisatelj
7680789,Zgodovinar
7683357,Plavalec
7683370,Nogometaš
7683374,Plavalec
7695178,Jadralec
7700992,Slikar
7807818,Stand-up komik
7807818,Odvetnik
7807943,Jadralec
7808017,Grafik
7808017,Slikar
7808017,Umetnik
7808071,Jezikoslovec
7810590,Plavalec
7810596,Nogometaš
7810598,Plavalec
7818585,Voznik rallya
7818585,Alpski smučar
7818586,Zgodovinar
7818586,Politik
7818586,Odvetnik
7818590,Rokometaš
7820078,Jezikoslovec
7820078,Literarni zgodovinar
7820078,Esejist
7820078,Literat
7820078,Literarni kritik
7820078,Prevajalec
7820833,Kanuist
7820843,Prevajalec
7820843,Pisatelj
7820844,Dramatik
7820844,Politik
7820844,Učitelj
7820844,Pisatelj
7820847,Režiser
7820847,Novinar
7820847,Politik
7820847,Pisatelj
7820849,Smučarski tekač
7820849,Športnik
7820867,Dramatik
7820867,Pesnik
7820867,Pisatelj
7829404,Zgodovinar
7829404,Ekonomist
7844745,Reper
7844745,Teolog
7901070,Rokometaš
7901073,Kajakaš
7901073,Kanuist
7901082,Fizik
7901089,Jezikoslovec
7901089,Prevajalec
7901089,Pesnik
7916849,Zgodovinar
7916849,Politik
7919028,Nogometaš
7923253,Pisatelj
7923257,Nogometaš
7927629,Mladinski pisatelj
7927629,Novinar
7927629,Urednik
7927629,Partizan
7927629,Pesnik
7927629,Učitelj
7927629,Pisatelj
7927639,Glasbeni pedagog
7927639,Violinist
7930202,Nogometaš
7932612,Filmski režiser
7932612,Dramatik
7932612,Pesnik
7932612,Pisatelj
7932612,Esejist
7932612,Mladinski pisatelj
7932612,Režiser
7932612,Gledališki režiser
7936721,Harmonikar
7936721,Glasbenik
7936988,Pisatelj
7937183,Skladatelj
7938266,Matematik
7938760,Arhitekt
7938949,Nogometaš
7938949,Nogometni trener
7938950,Plavalec
7938950,Zdravnik
7938974,Novinar
7938974,Urednik
7938974,Pisatelj
7939030,Kipar
7939831,Nogometaš
7939831,Nogometni trener
7939843,Hokejist
7940551,Violinist
8061483,Filmski igralec
8061483,Televizijski igralec
8061483,Model
8061483,Igralec
8067921,Kurator
8067921,Pisatelj
8067929,Mladinski pisatelj
8067929,Pisatelj
8073017,Televizijski igralec
8073017,Igralec
8074307,Jezikoslovec
8074307,Literarni zgodovinar
8074307,Esejist
8074307,Urednik
8074307,Prevajalec
8074344,Slikar
8074344,Dramatik
8074344,Pisatelj
8074348,Novinar
8074348,Urednik
8074348,Pisatelj
8074357,Rokometaš
8074393,Strojni inženir
8074393,Urednik
8074393,Inženir
8074481,Zborovodja
8074481,Skladatelj
8075519,Novinar
8075519,Televizijski voditelj
8075519,Inženir
8075572,Glasbeni učitelj
8075572,Dirigent
8075572,Skladatelj
8075592,Slikar
8075592,Ilustrator
8075592,Animator
8082853,Kajakaš
8082853,Kanuist
8082853,Vojak
8082870,Učitelj
8082870,Pisatelj
8082875,Slikar
8082875,Ilustrator
8082875,Pisatelj
8083602,Atlet
8083643,Nogometaš
8083700,Udeleženec lepotnih tekmovanj
8083700,Model
8138638,Plavalec
8138685,Plavalec
8139801,Plavalec
8565338,Vojaška osebnost
8837730,Hokejist
8841395,Hokejist
8841395,Hokejski trener
8841404,Hokejist
8841410,Hokejist
9143202,Tenisač
9154900,Smučarski skakalec
9156359,Zgodovinar
9156359,Politik
9156359,Pesnik
9176343,Smučarski skakalec
9179002,Smučarski skakalec
9210606,Smučarski skakalec
9266529,Veslač
9296657,Pravnik
9296657,Politik
9296657,Pisatelj
9311057,Atlet
9312551,Nordijski kombinatorec
9348494,Sociolog
9348494,Prevajalec
9348494,Dramatik
9348494,Pisatelj
9398006,Atlet
10326618,Arhitekt
10403066,Nogometaš
10403066,Nogometni trener
10403110,Nogometaš
10494054,Nogometaš
10509596,Nogometaš
10509596,Športni agent
10527795,Nogometaš
10528335,Rokometaš
10528335,Nogometaš
10528424,Nogometaš
10556851,Nogometaš
10957833,Klasični kitarist
10957833,Glasbeni učitelj
10957833,Kitarist
10957833,Skladatelj
10982217,Diplomat
10982217,Pravnik
10982217,Politični komisar
10982217,Politik
10985421,Orglavec
10985421,Učitelj
10985421,Skladatelj
11015464,Kemik
11048024,Košarkarski trener
11182262,Urednik
11182262,Prevajalec
11182262,Fizik
11182262,Pisatelj
11182265,Univerzitetni profesor
11182265,Fizik
11203762,Slikar
11205709,Igralec
11208145,Jezikoslovec
11208145,Prevajalec
11208145,Pesnik
11208145,Pisatelj
11264961,Atlet
11313830,Dramaturg
11313830,Dramatik
11313830,Pravnik
11313830,Odvetnik
11313830,Pisatelj
11313830,Sodnik
11714314,Geograf
11714314,Redovnik
11714314,Duhovnik
11714314,Matematik
11714314,Astronom
11719746,Smučarski skakalec
11719747,Veslač
11719749,Veslač
11724272,Veslač
11735668,Telovadec
11780559,Kemik
11781682,Smučarski skakalec
11781682,Trener smučarskih skokov
11833692,Veslač
11835154,Biatlonec
11867304,Alpski smučar
11879331,Politolog
11879331,Diplomat
11879331,Pravnik
11879331,Politik
11879331,Sodnik
11882998,Hokejist
11957253,Smučarski skakalec
11961054,Smučarski skakalec
11961054,Karikaturist
11961054,Pianist
11978180,Telovadec
11978180,Orodni telovadec
11989406,Telovadec
11989406,Orodni telovadec
11989616,Telovadec
11989616,Orodni telovadec
12001434,Telovadec
12001434,Orodni telovadec
12002640,Telovadec
12002640,Orodni telovadec
12016826,Ekonomist
12016826,Politik
12016827,Agronom
12016827,Podjetnik
12016827,Politik
12226160,Vojaški pilot
12226160,Prevajalec
12226160,Politik
12630270,Košarkar
12747819,Kolesar
12748430,Telovadec
12751559,Atlet
12752126,Kolesar
12752136,Atlet
12752652,Telovadec
12754990,Telovadec
12759624,Atlet
12761027,Plavalec
12783947,Jezikoslovec
12783948,Partizan
12783948,Politik
12783951,Telovadec
12783960,Germanist
12783960,Univerzitetni profesor
12783960,Prevajalec
12783960,Učitelj
12783961,Orodni telovadec
12783961,Telovadec
12784159,Nordijski kombinatorec
12784159,Smučarski skakalec
12784239,Častnik
12784368,Veslač
12784377,Smučarski tekač
12784422,Publicist
12784422,Sufražetka
12784422,Politik
12784422,Učitelj
12784565,Nordijski kombinatorec
12784573,Alpski smučar
12785198,Mladinski pisatelj
12785198,Pisatelj
12785430,Kemik
12785430,Pesnik
12785679,Pisatelj
12785679,Diplomat
12785795,Igralec
12785997,Tenisač
12786103,Kolesar
12786194,Smučarski tekač
12786194,Alpinist
12786354,Mladinski pisatelj
12786354,Urednik
12786354,Učitelj
12786354,Pisatelj
12787018,Hokejist
12787018,Hokejski trener
12787187,Smučarski tekač
12787274,Košarkarski trener
12787274,Košarkar
12787312,Fizik
12787358,Rokometaš
12787433,Veterinar
12787433,Politik
12787826,Partizan
12787826,Diplomat
12787826,Pravnik
12787826,Politični komisar
12787826,Politik
12787826,Odvetnik
12787829,Hokejist
12787846,Telovadec
12788033,Filmski igralec
12788033,Gledališki igralec
12788033,Igralec
12788087,Smučarski tekač
12788201,Športni strelec
12788358,Alpski smučar
12788807,Urednik
12788807,Prevajalec
12788807,Duhovnik
12788807,Pesnik
12788884,Judoist
12788993,Prevajalec
12788993,Filolog
12788993,Univerzitetni profesor
12789009,Dramatik
12789009,Pesnik
12789009,Pisatelj
12789054,Alpski smučar
12789085,Atlet
12789149,Judoist
12789167,Smučarski skakalec
12789167,Športnik
12789204,Atlet
12789204,Športnik
12789208,Kolesar
12789224,Jezikoslovec
12789224,Urednik
12789228,Redovnik
12789228,Glasbenik
12789228,Duhovnik
12789228,Skladatelj
12789265,Onkolog
12789265,Biolog
12789281,Trener alpskega smučanja
12789281,Alpski smučar
12789413,Kritik
12789413,Filmski režiser
12789413,Urednik
12789413,Dramatik
12789413,Pesnik
12789413,Pisatelj
12789413,Scenarist
12789919,Koreograf
12789919,Baletnik
12789919,Učitelj
12790414,Veslač
12791256,Hokejist
12791267,Vojaška osebnost
12791288,Veslač
12791288,Hokejist
12791307,Arhitekt
12791440,Pevec
12791669,Judoist
12791736,Smučarski tekač
12791768,Tenisač
12791894,Telovadec
12791965,Prevajalec
12791965,Dramatik
12791965,Pesnik
12791965,Pisatelj
12791972,Hokejist
12792015,Nordijski kombinatorec
12792016,Kronist
12792016,Zgodovinar
12792016,Pravnik
12792016,Sodnik
12792053,Kolesar
12792074,Hokejist
12792090,Smučarski tekač
12792092,Hokejist
12792092,Hokejski trener
12792103,Hokejist
12792114,Kajakaš
12792114,Kanuist
12792126,Literarni zgodovinar
12792134,Alpski smučar
12792150,Kolesar
12792158,Rokometaš
12792162,Mladinski pisatelj
12792162,Pisatelj
12792162,Scenarist
12792181,Literarni zgodovinar
12792181,Literarni kritik
12792181,Novinar
12792181,Zgodovinar
12792181,Vojni dopisnik
12792181,Pesnik
12792181,Pisatelj
12792185,Pedagog
12792185,Zgodovinar
12792185,Učitelj
12792189,Politik
12792189,Novinar
12792189,Partizan
12792189,Zgodovinar
12792189,Diplomat
12792417,Igralec
12792713,Operni pevec
12792717,Literarni zgodovinar
12792717,Prevajalec
12792776,Veslač
12792789,Veslač
12792800,Novinar
12792800,Partizan
12792800,Diplomat
12792800,Politik
12792800,Odvetnik
12792800,Sodnik
12792880,Filmski režiser
12792880,Scenarist
12792899,Kolesar
12792905,Atlet
12792911,Smučarski skakalec
12792911,Novinar
12792935,Jezikoslovec
12792935,Mladinski pisatelj
12792935,Novinar
12792935,Urednik
12792935,Prevajalec
12792935,Pesnik
12792935,Pisatelj
12792981,Slikar
12793016,Smučarski tekač
12793057,Mladinski pisatelj
12793057,Ilustrator
12793057,Knjižničar
12793057,Pesnik
12793057,Pisatelj
12793099,Esejist
12793099,Pesnik
12793099,Pisatelj
12793104,Veslač
12793119,Novinar
12793168,Pravnik
12793168,Politik
12793168,Odvetnik
12793434,Slikar
12793692,Skiper
12793692,Jadralec
12793991,Telovadec
12794326,Alpski smučar
12794734,Nordijski kombinatorec
12794742,Smučarski tekač
12794883,Pevec
12795089,Telovadec
12795209,Smučarski tekač
12795302,Hokejist
12795310,Hokejist
12795437,Smučarski tekač
12795448,Mladinski pisatelj
12795448,Novinar
12795448,Prevajalec
12795448,Pravnik
12795448,Pisatelj
12795635,Smučarski tekač
12795802,Atlet
12795878,Televizijski igralec
12795878,Novinar
12795878,Komik
12795878,Politik
12795883,Šahist
12795914,Alpski smučar
12796060,Jezikoslovec
12796060,Urednik
12796060,Pravnik
12796079,Smučarski tekač
12796084,Politolog
12796084,Politik
12796086,Pravnik
12796086,Politik
12796086,Ekonomist
12796100,Alpski smučar
12796130,Veslač
12796134,Atlet
12796408,Košarkar
12796421,Alpski smučar
12796667,Smučarski tekač
12796674,Atlet
12796676,Telovadec
12796678,Telovadec
12796724,Telovadec
12796765,Alpski smučar
12796823,Atlet
12796967,Telovadec
12797182,Reper
12797182,Kolumnist
12797211,Suvalec krogle
12797211,Metalec diska
12797276,Skladatelj
12797432,Pesnik
12797505,Pianist
12797510,Smučar prostega sloga
12797511,Skladatelj
12798410,Zborovodja
12798410,Orglavec
12798410,Skladatelj
12798438,Alpinist
12798438,Podjetnik
12798623,Smučarski tekač
12799103,Atlet
12799767,Nordijski kombinatorec
12799904,Telovadec
12800280,Nordijski kombinatorec
12800280,Smučarski skakalec
12800281,Smučarski tekač
12800361,Režiser
12800361,Filmski režiser
12800361,Kostumograf
12800361,Dramaturg
12800361,Dramatik
12800361,Pesnik
12800361,Pisatelj
12800362,Deskar na snegu
12800378,Veslač
12800383,Zoolog
12800512,Hokejist
12800518,Kolesar
12800620,Telovadec
12800651,Sopranist
12800728,Kolesar
12800733,Matematik
12800794,Orodni telovadec
12800800,Judoist
12802718,Atlet
12802729,Rokometaš
12802863,Alpski smučar
12802875,Hokejist
12802895,Alpski smučar
12802904,Atlet
12803151,Telovadec
12803333,Smučarski tekač
12803344,Zgodovinar
12803345,Grafik
12803345,Karikaturist
12803345,Slikar
12803345,Grafični oblikovalec
12803345,Pisatelj
12803345,Fotograf
12803346,Smučarski tekač
12803401,Slikar
12803401,Umetnik
12803401,Ekonomist
12803939,Smučarski tekač
12804150,Atlet
12804152,Telovadec
12804225,Alpski smučar
12804225,Športni strokovni komentator
12804246,Hokejist
12804252,Luterist
12804252,Kitarist
12804252,Glasbenik
12804252,Kantavtor
12804252,Pesnik
12804252,Skladatelj
12804287,Hokejist
12804287,Hokejski trener
12804293,Glasbenik
12804293,Skladatelj
12804293,Glasbeni učitelj
12804293,Saksofonist
12804293,Aranžer
12804310,Smučarski tekač
12805080,Atlet
12805080,Športnik
12805108,Urednik
12805108,Skladatelj
12805203,Direktor fotografije
12805323,Veslač
12805645,Filmski igralec
12805645,Gledališki igralec
12805645,Igralec
12805736,Publicist
12805736,Glasbeni učitelj
12805736,Kritik
12805736,Univerzitetni profesor
12805736,Skladatelj
12805782,Kolesar
12805782,Športni direktor
12805811,Filmski igralec
12805811,Gledališki igralec
12805811,Televizijski voditelj
12805811,Politik
12805811,Igralec
12805930,Publicist
12805930,Diplomat
12805930,Pravnik
12805932,Filmski igralec
12805932,Režiser
12805932,Filmski režiser
12805932,Gledališki igralec
12805961,Redni profesor
12805961,Ekonomist
12805961,Politik
12805962,Hokejist
12806581,Atlet
12806582,Sociolog
12806582,Pravnik
12806583,Smučarski tekač
12807052,Gradbeni inženir
12807052,Geolog
12807052,Politik
12807333,Judoist
12807346,Smučarski tekač
12807349,Hokejist
12807349,Hokejski trener
12807349,Športni strokovni komentator
12807464,Alpski smučar
13380568,Motociklist
13395144,Nogometaš
13415424,Nogometaš
13415424,Nogometni trener
13416785,Motociklist
13439571,Nogometaš
13473119,Filmski igralec
13473119,Gledališki igralec
13473119,Igralec
13566336,Športnik
13566407,Plavalec
13566407,Ginekolog
13566407,Partizan
13566407,Zdravnik
13566963,Atlet
13566996,Atlet
13566996,Kemijski inženir
13605947,Slikar
13605947,Častnik
13639014,Novinar
13639014,Urednik
13639014,Pisatelj
13639017,Diplomat
13639017,Politik
13640005,Filmski režiser
13640005,Dramaturg
13641108,Alpski smučar
13641108,Ekonomist
13641108,Odvetnik
13649140,Slikar
13649140,Ilustrator
13649140,Pisatelj
13649477,Filozof
13649477,Psihoanalitik
13653486,Slikar
13653486,Ilustrator
13653486,Pisatelj
13654412,Alpski smučar
13843338,Filozof
13843338,Umetnik
14375817,Alpinist
14375817,Politik
14375817,Odvetnik
14375817,Sodnik
14389692,Hokejist
14389692,Hokejski trener
14438005,Nordijski kombinatorec
14469091,Mladinski pisatelj
14469091,Pisatelj
14475900,Slikar
14475900,Ilustrator
14475900,Pisatelj
14541770,Leksikograf
14541770,Jezikoslovec
14541770,Prevajalec
14541770,Pisatelj
14570831,Botanik
14570831,Kartograf
14570831,Paleontolog
14570831,Zoolog
14570831,Farmacevt
14623441,Tekstopisec
14623441,Kantavtor
14623441,Pevec
14623441,Skladatelj
14623663,Glasbeni producent
14623663,Didžej
14635388,Esejist
14635388,Filozof
15104367,Alpski smučar
15104770,Košarkar
15109943,Alpski smučar
15119239,Smučarski tekač
15136497,Nogometaš
15262168,Nogometaš
15262168,Nogometni trener
15270439,Slikar
15270439,Fotograf
15407024,Diplomat
15407024,Politik
15430307,Ekonomist
15430307,Profesor
15548295,Kanuist
15622038,Kolesar
15623306,Nogometaš
15630129,Hokejist
15632201,Smučarski tekač
15646904,Alpski smučar
15658008,Filmski igralec
15658008,Gledališki igralec
15658008,Igralec
15658373,Filmski igralec
15658373,Gledališki igralec
15658373,Igralec
15658756,Hokejist
15710343,Hokejist
15710344,Hokejist
15710345,Hokejist
15710345,Hokejski trener
15710350,Hokejist
15710353,Hokejist
15710354,Hokejist
15715093,Hokejist
15726413,Deskar na snegu
15727252,Deskar na snegu
15729440,Deskar na snegu
15729441,Deskar na snegu
15733316,Deskar na snegu
15733545,Alpski smučar
15822477,Nogometaš
15830617,Tenisač
15832842,Nogometaš
15845238,Rokometaš
15859682,Rokometaš
15867203,Rokometaš
15912352,Matematik
15912352,Politik
15912352,Zdravnik
15930860,Atlet
15945220,Atlet
15955830,Gradbeni inženir
15955830,Inženir
15955830,Arhitekt
15971386,Politik
16029101,Filmski igralec
16029101,Igralec
16061455,Rokometaš
16063078,Pesnik
16089810,Ekonomist
16089810,Politik
16107324,Filmski igralec
16107324,Gledališki igralec
16107324,Igralec
16186989,Pilot
16186989,Politik
16186989,Poslovnež
16192594,Filozof
16192594,Politolog
16192594,Diplomat
16192594,Politik
16193547,Diplomat
16193547,Fizik
16193547,Politik
16211500,Kolesar
16213477,Kolesar
16216701,Kolesar
16222343,Pisatelj
16223884,Kolesar
16225794,Kolesar
16231331,Nogometaš
16234875,Udeleženec lepotnih tekmovanj
16234875,Model
16235709,Nogometaš
16318360,Nogometaš
16318365,Nogometaš
16323019,Grafik
16323019,Slikar
16561918,Redovnik
16561918,Škof
16561918,Duhovnik
16592011,Hokejist
16592011,Hokejski trener
16666591,Rokometaš
16725872,Atlet
16725872,Šprinter
16732934,Univerzitetni profesor
16732934,Ekonomist
16732934,Politik
16733488,Kanuist
16734358,Udeleženec lepotnih tekmovanj
16736690,Nogometaš
16745259,Nogometaš
16745457,Nogometaš
16847719,Nogometaš
16864363,Hokejist
16875935,Nogometaš
16901145,Nogometaš
16901212,Nogometaš
16901322,Nogometaš
16972270,Nogometaš
16980060,Nogometaš
16980164,Ekonomist
16980164,Profesor
17117413,Harmonikar
17117413,Univerzitetni profesor
17117413,Pravnik
17117413,Politik
17117413,Odvetnik
17120046,Pravnik
17120046,Podjetnik
17120046,Politik
17120046,Odvetnik
17275136,Skiper
17275136,Jadralec
17305868,Nogometaš
17351036,Publicist
17351036,Tekstopisec
17351036,Glasbenik
17351036,Kantavtor
17351036,Prevajalec
17351036,Pesnik
17351036,Pisatelj
17351189,Uradnik
17351189,Pravnik
17351189,Pisatelj
17385664,Nogometaš
17388372,Kolesar
17402293,Kolesar
17402332,Veslač
17402350,Smučarski tekač
17402363,Smučarski tekač
17402416,Nogometaš
17402592,Košarkar
17402620,Smučarski tekač
17402622,Telovadec
17411824,Prevajalec
17411824,Pesnik
17411824,Pisatelj
17484120,Pravnik
17484120,Politik
17486574,Nogometaš
17566337,Smučarski tekač
17566339,Smučarski tekač
17566343,Veslaški trener
17566343,Veslač
17566344,Atlet
17566345,Atlet
17566346,Atlet
17566347,Hokejist
17566349,Smučarski tekač
17566351,Alpski smučar
17566353,Smučarski skakalec
17566354,Tekač čez ovire
17566354,Atlet
17566355,Veslač
17566357,Veslač
17566358,Atlet
17566362,Atlet
17566363,Atlet
17566364,Športni strelec
17566365,Alpski smučar
17566366,Smučarski tekač
17566367,Smučarski tekač
17566368,Smučarski tekač
17566370,Smučarski tekač
17566371,Kolesar
17566372,Rokoborec
17566374,Veslač
17566375,Atlet
17566376,Plavalec
17566378,Atlet
17566380,Telovadec
17566381,Telovadec
17566381,Zdravnik
17566382,Telovadec
17641420,Judoist
17747772,Nogometaš
17794024,Košarkar
18062210,Pevec
18115962,Vojaška osebnost
18119176,Kanuist
18121366,Politik
18129402,Nogometaš
18180907,Redovnik
18180907,Duhovnik
18200474,Častnik
18200474,Politik
18206589,Vojaška osebnost
18206716,Košarkar
18206716,Podjetnik
18206716,Politik
18206716,Poslovnež
18228694,Nogometaš
18250109,Kolesar
18341255,Plavalec
18341293,Kolesar
18341303,Kolesar
18341987,Smučarski tekač
18342077,Judoist
18487931,Veslač
18488151,Alpinist
18502378,Medicinska sestra
18502378,Vojaška osebnost
18505582,Veslač
18506203,Alpski smučar
18506424,Smučarski tekač
18506488,Smučarski tekač
18506542,Smučarski tekač
18506703,Smučarski tekač
18506749,Smučarski tekač
18506944,Hokejist
18506977,Hokejist
18507087,Telovadec
18507164,Alpski smučar
18507165,Alpski smučar
18507166,Smučarski tekač
18507179,Telovadec
18507180,Veslač
18507185,Hokejist
18507194,Smučarski tekač
18507194,Nordijski kombinatorec
18507195,Hokejist
18507198,Hokejist
18507202,Smučarski tekač
18507203,Smučarski tekač
18507208,Telovadec
18507209,Hokejist
18507374,Veslač
18507823,Knjižničar
18507823,Politik
18507824,Tenisač
18507884,Učitelj
18507884,Pisatelj
18507902,Redovnik
18507902,Redovnica
18507902,Kuhar
18507902,Učitelj
18507902,Pisatelj
18507950,Glasbeni učitelj
18507950,Operni pevec
18507950,Pevec
18508096,Krajinski arhitekt
18529522,Smučarski tekač
18529522,Alpinist
18529592,Tubist
18529592,Glasbeni učitelj
18529592,Urednik
18529592,Izumitelj
18529592,Skladatelj
18529685,Kmet
18529685,Politik
18529741,Urednik
18529741,Teolog
18529741,Redovnik
18529741,Duhovnik
18571621,Politik
18587216,Kolesar
18587216,Partizan
18601868,Atlet
18604231,Kipar
18608636,Kemik
18608636,Fizik
18608636,Politik
18608735,Pisatelj
18608735,Publicist
18608735,Prevajalec
18608735,Pesnik
18608743,Pevec
18627634,Politik
18627779,Slikar
18627779,Pisatelj
18635332,Biatlonec
18639181,Košarkarski trener
18639181,Košarkar
18643132,Operni pevec
18644524,Filmski režiser
18644524,Scenarist
18644639,Klaviaturist
18644639,Glasbenik
18644675,Novinar
18644675,Diplomat
18644675,Politik
18684375,Šahist
18811347,Smučarski tekač
18812881,Nogometaš
18812881,Nogometni trener
18921443,Rokometaš
19320890,Prevajalec
19320890,Filozof
19320890,Sociolog
19420836,Nogometaš
19514448,Sociolog
19514448,Novinar
19514448,Zgodovinar
19518341,Udeleženec lepotnih tekmovanj
19518341,Televizijski voditelj
19518645,Kolesar
19518897,Kolesar
19661750,Kolesar
19661751,Kolesar
19661776,Kolesar
19661810,Kolesar
19661863,Kolesar
19844712,Košarkar
19915305,Motokrosist
19935925,Arheolog
19937993,Odvetnik
19937993,Novinar
19937993,Dramatik
19937993,Pravnik
19937993,Politik
19955894,Rokometaš
20029036,Alpski smučar
20080917,Košarkarski trener
20205020,Telovadec
20522962,Nogometaš
20640593,Politolog
20641055,Nogometaš
20641055,Nogometni trener
20655498,Nogometaš
20655498,Nogometni trener
20671499,Košarkar
20744966,Košarkar
20745107,Košarkar
20751689,Atlet
20751730,Atlet
20801789,Slikar
20830267,Tenisač
20891280,Harmonikar
20891280,Pedagog
20897728,Košarkar
20901625,Košarkarski trener
20902361,Košarkar
20902362,Košarkarski trener
21089375,Nogometaš
21100540,Kipar
21193141,Partizan
21193141,Diplomat
21193141,Politik
21403041,Smučarski skakalec
21406232,Ekonomist
21406232,Politik
21436475,Košarkar
21503640,Tekač
21503640,Atlet
21503640,Rokodelec
21552901,Dvigovalec uteži
21587517,Zgodovinar
21642699,Rokometaš
21777932,Smučarski skakalec
22006047,Ritmični gimnastičar
22006047,Telovadec
22231012,Harfist
22231012,Glasbenik
22231012,Pevec
22250454,Suvalec krogle
22278297,Rokometaš
22340515,Smučarski skakalec
22340515,Športnik
22712868,Smučarski skakalec
22958800,Rokometaš
22964793,Avtor
22964793,Glasbeni producent
22964793,Pevec
22964793,Pisatelj
23007593,Maratonec
23007593,Atlet
23007593,Tekač na dolge proge
23007858,Smučarski skakalec
23055594,Kipar
23055594,Inženir
23055594,Fotograf
23418897,Pravnik
23418897,Politik
23721072,Teolog
23721072,Pisatelj
23760899,Pisatelj znanstvene fantastike
23760899,Pesnik
23760899,Pisatelj
23761907,Rokometaš
23761908,Rokometaš
23770313,Podjetnik
23770313,Računalnikar
23771268,Fotograf
23887800,Nogometaš
23887802,Nogometaš
23892332,Rokometaš
23892608,Jadralec na deski
23892608,Jadralec
23893332,Rokometaš
23893337,Rokometaš
24006553,Ritmični gimnastičar
24192342,Plavalec
24256691,Arhitekt
24262632,Alpski smučar
24262646,Nordijski kombinatorec
24262646,Smučarski skakalec
24649544,Metalec diska
24678886,Košarkar
25641654,Kolesar
25997899,Kolesar
26209646,Plezalec
26218945,Rokometaš
26236490,Judoist
26237985,Plavalec
26250579,Judoist
26263631,Plavalec
26268866,Jadralec
26276681,Plavalec
26710020,Skakalec v višino
26710020,Atlet
26819142,Športni funkcionar
26819142,Politik
26819142,Odvetnik
26904312,Kolesar
26936268,Kemik
26936268,Fizik
26982007,Plezalec
27049368,Plavalec
27063708,Plavalec
27452442,Diplomat
27656193,Kolesar
27940448,Rokometaš
27973711,Rokometaš
27973715,Rokometaš
27973717,Rokometaš
27973720,Rokometaš
27973722,Rokometaš
27973723,Rokometaš
27973724,Rokometaš
27978743,Rokometaš
27978750,Rokometaš
28039874,Rokometaš
28039905,Rokometaš
28100644,Smučarski skakalec
28467442,Alpski smučar
28483884,Rokometaš
28672685,Smučarski tekač
28858466,Novinar
28861650,Rokometaš
28916554,Kuharski mojster
28967979,Scenarist
28967979,Filmski režiser
29048797,Politik
29413707,Operni pevec
29478863,Tenisač
29957156,Aktivist
30076730,Pravnik
30076730,Profesor
30076730,Sodnik
30331236,Nogometaš
31200193,Tekstopisec
31200193,Pevec
32083031,Mestni svet
32083031,Politik
33320188,Plavalec
35110551,Atlet
35218588,Nabožni pisatelj
35218588,Leksikograf
35218588,Filolog
35218588,Redovnik
35218588,Prevajalec
35523006,Atlet
40091779,Smučarski skakalec
42432884,Plesalec
47466248,Publicist
47466248,Potopisec
47466248,Politolog
47466248,Ekonomist
47466248,Profesor
50097591,Deskar na snegu
50097591,Športnik
50505528,Radijski voditelj
50505528,Novinar
52557281,Glasbeni učitelj
52557281,Violinist
55614943,Esejist
55614943,Prevajalec
55614943,Pisatelj
56810238,Prevajalec
57338487,Astrofizik
57338487,Fizik
60322708,Pevec
61994009,Politik
61994009,Znanstvenik
63105766,Matematik
63228412,Stand-up komik
63228412,Administrator
63400148,Novinar
63400148,Politik
63456996,Pravnik
65037618,Računalnikar
65037618,Redni profesor
65645601,Arhivist
65645601,Zgodovinar
